h3_index,flood_count,year,P1_max,P1_mean,P21_max,P67_max,flood_days,total_days,elevation,slope,flow_acc_log,dist_river,mean_ndwi,max_ndwi,std_ndwi,is_water,center_lat,center_lon
896482c69cbffff,3,2021,1.9,1.6228571428571428,2.25,0.42,0,14,321.3125,2.752913,0.18814376,1382.9111,-0.3448070074938507,0.1222748830914497,0.1954220726613019,False,18.794207,98.975725
896482c6ed7ffff,5,2021,1.9,1.6228571428571428,2.25,0.42,0,14,307.3125,1.0702735,1.2240379,1934.2375,-0.2078646452702928,0.0842572078108787,0.2318364682029598,False,18.79904,99.022442
89648289ac3ffff,1,2021,1.9,1.6228571428571428,2.25,0.42,0,14,307.25,1.6099303,1.0880075,869.5529,-0.1038583710580942,0.0815041586756706,0.1044636805958352,False,18.768387,98.967975
896482898d3ffff,3,2021,1.9,1.6228571428571428,2.25,0.42,0,14,306.33334,1.1864195,0.74470353,1148.119,-0.3115617702956568,0.0274880342185497,0.1853442854108936,False,18.74337,98.963701
896482c6ea3ffff,2,2021,1.9,1.6228571428571428,2.25,0.42,0,14,309.25,1.1111027,0.16471773,602.04456,-0.4134814464962013,0.3586753010749817,0.1843910803466664,False,18.795817,99.00854
896482c6dafffff,2,2021,1.9,1.6228571428571428,2.25,0.42,0,14,305.125,1.4072013,0.5421133,1004.4223,-0.2488111417223447,0.0019568686839193,0.1667951762806568,False,18.770001,98.974925
896482c63b7ffff,2,2021,1.9,1.6228571428571428,2.25,0.42,0,14,305.86667,1.3456845,0.0,2679.54,-0.4039187891869806,0.0541398897767066,0.2088007367535403,False,18.79823,99.031898
89648289253ffff,1,2021,1.9,1.6228571428571428,2.25,0.42,0,14,304.82352,1.2776438,0.0,2502.757,-0.2347230200999069,0.0879911854863166,0.2229093723980507,False,18.768377,99.032631
896482c6107ffff,6,2021,1.9,1.6228571428571428,2.25,0.42,0,14,308.13333,1.1493332,0.60206,1875.9331,-0.2311607823807948,0.1067572981119155,0.2589479558537708,False,18.785323,99.028021
8964828965bffff,1,2021,1.9,1.6228571428571428,2.25,0.42,0,14,303.58823,0.68488896,0.28332236,1167.2816,-0.4187424682127622,0.0056126676499843,0.2033979746014394,False,18.754653,99.051139
896482c6ebbffff,1,2021,1.9,1.6228571428571428,2.25,0.42,0,14,310.625,1.1420995,0.30816776,956.28064,-0.410435487597859,0.0063416054472327,0.1757805799526068,False,18.796623,99.012016
89648289a53ffff,1,2021,1.9,1.6228571428571428,2.25,0.42,0,14,309.8,1.376182,0.72082263,1492.3003,-0.3272988520196919,0.0643831267952919,0.1623457485834276,False,18.774036,98.966437
89648289e6bffff,1,2021,1.9,1.6228571428571428,2.25,0.42,0,14,305.46667,0.89980614,1.2692873,337.72464,-0.3003589700849611,0.0427967794239521,0.1704708412072941,False,18.763545,98.972987
896482892afffff,1,2021,1.9,1.6228571428571428,2.25,0.42,0,14,302.9375,0.7455877,1.0372779,559.2699,-0.3227439217134059,0.0004027730901725,0.1688781750055571,False,18.758699,99.016793
896482c617bffff,1,2021,1.9,1.6228571428571428,2.25,0.42,0,14,307.5,1.0129356,0.018814376,2429.4263,-0.5112402443643193,0.1654677987098693,0.1797719417614325,False,18.795004,99.030929
89648289343ffff,1,2021,1.9,1.6228571428571428,2.25,0.42,0,14,308.25,2.0776234,4.2172565,98.26006,-0.2707377701595925,0.1813904792070388,0.1716347239680411,False,18.765156,99.0058
896482c6e13ffff,3,2021,1.9,1.6228571428571428,2.25,0.42,0,14,309.5,1.0188056,0.14270633,1504.6564,-0.2780561206029134,0.0301600918173789,0.1953074170736346,False,18.800655,99.01646
896482c4537ffff,1,2021,1.9,1.6228571428571428,2.25,0.42,0,14,308.05884,1.1964924,1.7160033,472.2021,-0.1621892075167507,0.0591585673391819,0.1844394018910741,False,18.823245,99.010312
896482c69d7ffff,1,2021,1.9,1.6228571428571428,2.25,0.42,0,14,315.53333,1.6305579,0.63906926,2022.3993,-0.3380621495946779,0.0238337814807891,0.1707587443556754,False,18.787753,98.973787
896482c69c7ffff,1,2021,1.9,1.6228571428571428,2.25,0.42,0,14,318.0625,1.3311596,0.45695812,1768.5527,-0.350597266357567,0.0377213470637798,0.1823287018185126,False,18.790173,98.97128
89648289303ffff,1,2021,1.9,1.6228571428571428,2.25,0.42,0,14,306.33334,0.8769239,2.463486,216.22014,-0.3755025845929158,0.0086236633360385,0.1951274912700046,False,18.757895,99.000387
89648289493ffff,2,2021,1.9,1.6228571428571428,2.25,0.42,0,14,299.17648,0.75622284,0.0,3476.2644,-0.2159708261686932,0.0509331338107585,0.201085491769685,False,18.713497,99.042013
8964828b2a3ffff,2,2021,1.9,1.6228571428571428,2.25,0.42,0,14,297.17648,1.2268875,0.10624588,3175.747,-0.326119117247209,0.0657578185200691,0.1526819037435605,False,18.699773,99.04759
896482894b3ffff,1,2021,1.9,1.6228571428571428,2.25,0.42,0,14,299.5,1.107396,0.0,3783.7563,-0.3550392537942243,0.0220088027417659,0.1628438625368042,False,18.714307,99.032559
896482c6817ffff,1,2021,1.9,1.6228571428571428,2.25,0.42,0,14,315.625,0.80816424,0.03762875,1483.6271,-0.2882024603403618,0.1426806598901748,0.1480317043068722,False,18.794206,98.988657
896482c4c07ffff,1,2021,1.9,1.6228571428571428,2.25,0.42,0,14,319.33334,0.8240327,0.9890484,1100.2859,-0.4590647495097685,0.0477341376245021,0.2223056201371265,False,18.836157,98.975387
896482c694bffff,3,2021,1.9,1.6228571428571428,2.25,0.42,0,14,322.0625,2.3668287,0.97470045,480.33118,-0.4586587467492145,0.0044350107200443,0.2001562152836761,False,18.802276,98.97168
896482c680fffff,1,2021,1.9,1.6228571428571428,2.25,0.42,0,14,315.5,0.9787016,0.44420063,1240.7103,-0.2035470868578497,0.0753498375415802,0.1333658470472399,False,18.799854,98.98712
896482c6aa3ffff,1,2021,1.9,1.6228571428571428,2.25,0.42,0,14,310.75,1.3968486,1.6863201,258.9013,-0.2373546148176052,0.0313540808856487,0.1734587098143216,False,18.812762,98.990996
896482c61bbffff,3,2021,1.9,1.6228571428571428,2.25,0.42,0,14,306.73334,0.91171116,0.180618,2054.2463,-0.2216624115253662,0.1126860380172729,0.1734233788004997,False,18.779675,99.029558
89648288c4bffff,2,2021,1.9,1.6228571428571428,2.25,0.42,0,14,305.94116,0.8322047,0.30872554,2031.8346,,,,,,
896482c6903ffff,1,2021,1.9,1.6228571428571428,2.25,0.42,0,14,323.3125,1.3105081,0.47998112,1615.7081,-0.5020094448027601,0.0422850362956523,0.1830719818018537,False,18.791787,98.965298
8964828920fffff,2,2021,1.9,1.6228571428571428,2.25,0.42,0,14,304.53333,1.116056,0.41842416,1506.4816,-0.3437291958855704,0.5360708236694336,0.1694803242656665,False,18.76596,99.022206
896482c6183ffff,1,2021,1.9,1.6228571428571428,2.25,0.42,0,14,303.0625,0.7697854,0.30103,2322.7463,-0.5441632318772053,-0.0116097470745444,0.1664875206160289,False,18.778059,99.035539
896482c6cabffff,1,2021,1.9,1.6228571428571428,2.25,0.42,0,14,308.64706,1.0334646,0.0,224.05733,-0.4140091807613081,0.1589641124010086,0.2043921084905617,False,18.776454,99.002726
896482c654fffff,1,2021,1.9,1.6228571428571428,2.25,0.42,0,14,304.9375,0.78348553,0.451545,766.1194,-0.3741265978631604,0.0365074537694454,0.1788702521102741,False,18.778859,99.051944
896482c6b13ffff,3,2021,1.9,1.6228571428571428,2.25,0.42,0,14,319.86667,1.3867825,0.3471778,264.82138,-0.4658130972267508,-0.0017548158066347,0.185080123867045,False,18.811957,98.974587
89648288e63ffff,1,2021,1.9,1.6228571428571428,2.25,0.42,0,14,314.26666,0.6935152,0.0,2039.6509,-0.4338261283262984,0.1273364424705505,0.2159184179260058,False,18.709465,98.934137
89648288e7bffff,1,2021,1.9,1.6228571428571428,2.25,0.42,0,14,313.41177,1.0843431,0.15936883,2402.6973,-0.4086102042638408,0.1231300309300422,0.2593189702378625,False,18.710274,98.937611
89648289ad3ffff,2,2021,1.9,1.6228571428571428,2.25,0.42,0,14,306.46667,1.0258933,0.87420285,599.74835,-0.3853962928461688,-0.0302958507090806,0.190748280353521,False,18.765966,98.970481
896482c6da7ffff,1,2021,1.9,1.6228571428571428,2.25,0.42,0,14,304.5625,0.902669,0.52234864,682.3579,-0.1947573743510553,0.0577329732477664,0.1697592875512591,False,18.766773,98.973956
896482c6587ffff,3,2021,1.9,1.6228571428571428,2.25,0.42,0,14,303.94116,0.83502024,0.123953536,1202.8091,-0.4070814503819512,0.0931297689676284,0.1841404700439597,False,18.760302,99.049603
896482892cbffff,1,2021,1.9,1.6228571428571428,2.25,0.42,0,14,302.0,0.7806094,0.0,2401.8762,-0.3337657455871179,0.057951170951128,0.1900542202974464,False,18.765956,99.035136
896482c6537ffff,1,2021,1.9,1.6228571428571428,2.25,0.42,0,14,301.125,0.6552519,0.13170063,2030.2229,-0.2631237859520344,0.0753739699721336,0.1889597522897197,False,18.766761,99.038611
896482c4cabffff,1,2021,1.9,1.6228571428571428,2.25,0.42,0,14,323.75,1.8752689,0.31713897,1200.7201,-0.5755988418736993,0.0524706244468688,0.1444784432047883,False,18.832931,98.974418
896482c694fffff,1,2021,1.9,1.6228571428571428,2.25,0.42,0,14,322.64706,0.91995084,0.0,549.6849,-0.3160988598463747,0.1203852295875549,0.2082081004963615,False,18.801469,98.968205
896482c6e57ffff,3,2021,1.9,1.6228571428571428,2.25,0.42,0,14,308.82352,0.9244048,0.0,1783.7646,-0.2001437045184233,0.1357167661190033,0.2091541977807795,False,18.807109,99.018399
896482894d7ffff,9,2021,1.9,1.6228571428571428,2.25,0.42,0,14,297.375,0.65539575,0.84807044,3103.4773,-0.2360972611060909,0.1812500059604644,0.2235824781144729,False,18.719953,99.043951
89648289183ffff,1,2021,1.9,1.6228571428571428,2.25,0.42,0,14,299.70587,0.8169622,0.47712123,312.458,-0.4241941163578714,0.0167641323059797,0.1707897031248013,False,18.727228,98.997648
8964828918fffff,5,2021,1.9,1.6228571428571428,2.25,0.42,0,14,298.8889,0.953884,3.081512,164.16422,-0.3281622993645187,0.1337352395057678,0.2026947564970101,False,18.729649,98.995142
896482c6abbffff,2,2021,1.9,1.6228571428571428,2.25,0.42,0,14,308.5,0.9706068,3.7431326,120.078735,-0.3568861086893558,0.1834488660097122,0.2200192398920731,False,18.813568,98.994471
896482c63a7ffff,7,2021,1.9,1.6228571428571428,2.25,0.42,0,14,305.0625,1.5425546,0.76505655,2603.3643,-0.2595693060256139,0.0888174101710319,0.239870481614634,False,18.800652,99.029392
896482c6a87ffff,1,2021,1.9,1.6228571428571428,2.25,0.42,0,14,308.375,0.6832101,0.28105637,298.69717,-0.1976851551259025,0.119473360478878,0.141031847401556,False,18.811147,98.996978
896482c6943ffff,1,2021,1.9,1.6228571428571428,2.25,0.42,0,14,322.5,0.9308176,0.47648704,824.21216,-0.367795919488419,0.0235251542180776,0.2099502096384698,False,18.799048,98.970711
89648289857ffff,1,2021,1.9,1.6228571428571428,2.25,0.42,0,14,312.125,0.7164771,0.2683807,824.7168,-0.2683260140527715,0.0226449277251958,0.1327151663944504,False,18.750633,98.956181
89648289663ffff,1,2021,1.9,1.6228571428571428,2.25,0.42,0,14,301.0,0.91037756,0.27308849,2484.839,-0.3647971873453545,0.0692993551492691,0.160423647686985,False,18.754658,99.038209
896482893d7ffff,1,2021,1.9,1.6228571428571428,2.25,0.42,0,14,302.9375,0.780097,1.0424898,305.7083,-0.377802178169642,0.0291036088019609,0.1987355001306858,False,18.753858,99.008874
896482c6c6bffff,2,2021,1.9,1.6228571428571428,2.25,0.42,0,14,309.25,0.9831229,2.4671607,63.628624,-0.3576659220580874,0.0034034273121505,0.1558531845812384,False,18.791784,99.004096
896482898dbffff,1,2021,1.9,1.6228571428571428,2.25,0.42,0,14,306.375,0.9463206,0.09726891,828.3119,-0.4194547874237098,0.0348281525075435,0.1951904925555332,False,18.746598,98.964669
8964828989bffff,2,2021,1.9,1.6228571428571428,2.25,0.42,0,14,309.73334,1.1369975,0.0,809.9526,-0.3636657826032825,0.0449876002967357,0.1997171409781694,False,18.739334,98.959257
896482892abffff,1,2021,1.9,1.6228571428571428,2.25,0.42,0,14,300.5,1.3992937,0.9404885,929.7546,-0.4264171277021913,-0.0142424385994672,0.1389268469362413,False,18.759505,99.020268
896482c4137ffff,2,2021,1.9,1.6228571428571428,2.25,0.42,0,14,310.1875,1.0234996,0.0,513.02423,-0.362804041676287,0.0167190451174974,0.1620129209231549,False,18.840188,98.992766
896482c6aafffff,1,2021,1.9,1.6228571428571428,2.25,0.42,0,14,309.29413,0.84254,0.5133749,194.97316,-0.3128706983877509,0.038905419409275,0.1508338074164414,False,18.815182,98.988489
89648289ad7ffff,1,2021,1.9,1.6228571428571428,2.25,0.42,0,14,306.11765,1.5036587,0.5690357,536.6417,-0.1923803759898511,-0.0184486992657184,0.1654301936920932,False,18.765159,98.967006
896482c6b87ffff,1,2021,1.9,1.6228571428571428,2.25,0.42,0,14,321.3125,1.3470258,1.9475161,129.08945,-0.1862373648066436,0.0401985757052898,0.1455734242177442,False,18.805503,98.972649
896482891a3ffff,1,2021,1.9,1.6228571428571428,2.25,0.42,0,14,305.6,1.7322829,0.060206,570.69727,-0.417539335674874,-0.0043094991706311,0.1556066520441872,False,18.728035,98.988193
89648289193ffff,3,2021,1.9,1.6228571428571428,2.25,0.42,0,14,300.0625,0.7662943,1.024663,348.46497,-0.4844866928227471,0.0833290070295333,0.1694220841452905,False,18.724806,99.000154
8964828931bffff,1,2021,1.9,1.6228571428571428,2.25,0.42,0,14,305.375,0.77577764,2.215119,74.86879,-0.3699303922942656,0.0522310622036457,0.166013818375693,False,18.758701,99.003862
8964828b3cbffff,1,2021,1.9,1.6228571428571428,2.25,0.42,0,14,299.66666,1.3499619,0.0,4051.518,-0.4041853233256685,0.0250399578362703,0.1466208342751914,False,18.703812,99.039105
89648288643ffff,1,2021,1.9,1.6228571428571428,2.25,0.42,0,14,296.58823,1.077908,0.72029257,1751.531,-0.4311978409627396,0.2234848439693451,0.2019816312072634,False,18.703011,99.009775
896482c6e8fffff,3,2021,1.9,1.6228571428571428,2.25,0.42,0,14,310.0,1.062352,0.08946024,1289.8737,-0.2911941486943978,0.0723069831728935,0.1658998473184842,False,18.797429,99.015491
89648289547ffff,1,2021,1.9,1.6228571428571428,2.25,0.42,0,14,296.25,0.62677586,0.67013085,1697.7368,-0.3508763719179767,0.0220463536679744,0.1680070922739614,False,18.724804,99.013083
896482c6ed3ffff,1,2021,1.9,1.6228571428571428,2.25,0.42,0,14,307.0625,1.1602387,0.8279903,2258.0076,-0.38951480902453,0.0222432557493448,0.2073648119152323,False,18.799846,99.025917
89648289623ffff,1,2021,1.9,1.6228571428571428,2.25,0.42,0,14,302.13333,1.5249622,0.240824,2429.6257,-0.3623954752675228,0.0172362718731164,0.1994082121913157,False,18.747397,99.032796
89648288227ffff,1,2021,1.9,1.6228571428571428,2.25,0.42,0,14,298.13333,0.5184488,0.7933315,1030.4856,-0.5150817144359731,0.3704859912395477,0.2054064340100132,False,18.7127,98.973894
89648288e73ffff,1,2021,1.9,1.6228571428571428,2.25,0.42,0,14,312.26666,0.87091845,0.060206,2145.9092,-0.3266484794465406,-0.0201983097940683,0.1480295845995285,False,18.707044,98.936643
896482c6c33ffff,1,2021,1.9,1.6228571428571428,2.25,0.42,0,14,307.375,1.3155994,0.056443125,580.73376,-0.3868192203322287,0.0311336610466241,0.1964292418418513,False,18.778875,99.00022
896482888d7ffff,1,2021,1.9,1.6228571428571428,2.25,0.42,0,14,311.7647,0.78471786,0.4847416,464.2217,,,,,,
89648289d63ffff,1,2021,1.9,1.6228571428571428,2.25,0.42,0,14,312.8889,0.9199848,0.9178222,464.49713,-0.4472960444733672,0.0537327639758586,0.1868461390401474,False,18.732068,98.940914
8964828950fffff,1,2021,1.9,1.6228571428571428,2.25,0.42,0,14,297.0,0.7791491,0.43029568,1195.1694,-0.3452859019097319,0.0520315766334533,0.2060632952749586,False,18.720769,99.00864
896482896abffff,3,2021,1.9,1.6228571428571428,2.25,0.42,0,14,300.6,0.88608766,0.05187675,2961.3584,-0.2311062488064319,0.1170358583331108,0.2264105026900619,False,18.742553,99.037807
89648289dbbffff,1,2021,1.9,1.6228571428571428,2.25,0.42,0,14,313.4,0.5592342,0.5217854,1934.5487,-0.3933720261915894,-0.000363504193956,0.1837169678131177,False,18.717539,98.943022
896482894cfffff,1,2021,1.9,1.6228571428571428,2.25,0.42,0,14,298.06668,0.7508675,0.6841132,3005.3447,-0.3449952778549118,0.2647058963775635,0.1799845803826094,False,18.725603,99.042415
896482c6d2bffff,1,2021,1.9,1.6228571428571428,2.25,0.42,0,14,308.375,0.7998409,0.189589,1976.0405,-0.5131167758359244,-0.0962796732783317,0.1374847188015374,False,18.778877,98.974356
8964828980fffff,1,2021,1.9,1.6228571428571428,2.25,0.42,0,14,313.88235,1.0697937,0.07083059,1185.6533,-0.3936898680956677,0.3303571343421936,0.2769405828259996,False,18.749018,98.949231
896482c699bffff,1,2021,1.9,1.6228571428571428,2.25,0.42,0,14,311.41177,1.2859429,0.9969931,2363.5317,-0.4913483168284124,0.2633838355541229,0.1853787746659848,False,18.784525,98.972818
8964828832fffff,1,2021,1.9,1.6228571428571428,2.25,0.42,0,14,308.35294,0.7946166,0.0,2315.1855,-0.5613049945659494,-0.0832811519503593,0.1024470575384055,False,18.710276,98.950541
896482c6e4fffff,1,2021,1.9,1.6228571428571428,2.25,0.42,0,14,309.06668,1.1301318,0.060206,1758.5007,-0.4737098092435948,0.3392026722431183,0.2180883388205522,False,18.812756,99.016862
89648289413ffff,1,2021,1.9,1.6228571428571428,2.25,0.42,0,14,296.5,0.6953319,0.92239666,3621.6082,-0.3768215257660913,0.0943755954504013,0.1475729458591838,False,18.721569,99.037972
896482c4ecfffff,1,2021,1.9,1.6228571428571428,2.25,0.42,0,14,308.1875,0.55112803,0.8413464,154.07823,-0.5021195628476193,0.009427604265511,0.1301427046423336,False,18.861159,98.992598
89648289d73ffff,1,2021,1.9,1.6228571428571428,2.25,0.42,0,14,310.8889,0.9102779,0.16723889,641.1698,-0.4233424281454722,0.0021901791915297,0.1347676156297218,False,18.729647,98.943421
8964828824fffff,1,2021,1.9,1.6228571428571428,2.25,0.42,0,14,300.9375,1.014641,0.0,412.13046,-0.4049416744564775,-0.0187548268586397,0.1619941577803183,False,18.722386,98.98973
89648289e83ffff,1,2021,1.9,1.6228571428571428,2.25,0.42,0,14,299.93332,0.93076074,0.38636303,352.7657,-0.4135067835168466,0.0103650484234094,0.2084134141355792,False,18.744177,98.980106
896482890cfffff,3,2021,1.9,1.6228571428571428,2.25,0.42,0,14,299.8,0.79423195,0.897997,2018.2168,-0.1896892493322967,0.0541534014046192,0.180941118511933,False,18.742557,99.024877
896482894afffff,1,2021,1.9,1.6228571428571428,2.25,0.42,0,14,303.58823,1.1364682,0.0,3262.5767,-0.4439036727966329,-0.0862230360507965,0.1389414504490447,False,18.719151,99.027548
896482c4523ffff,1,2021,1.9,1.6228571428571428,2.25,0.42,0,14,310.8125,0.86116695,0.4174811,523.9606,-0.2717428603486457,0.0881276726722717,0.209521317654367,False,18.826472,99.011281
8964828924fffff,1,2021,1.9,1.6228571428571428,2.25,0.42,0,14,302.75,1.0896482,1.20412,2030.8756,-0.2721017662922624,0.0451384969055652,0.1599108882446505,False,18.77322,99.027619
896482c61b7ffff,1,2021,1.9,1.6228571428571428,2.25,0.42,0,14,304.375,0.8495898,0.3308501,1673.8931,-0.3188950548015672,0.0721442028880119,0.2373295560944567,False,18.775642,99.025113
89648288e9bffff,1,2021,1.9,1.6228571428571428,2.25,0.42,0,14,306.5625,0.75702286,0.0,2942.059,,,,,,
89648288ea3ffff,3,2021,1.9,1.6228571428571428,2.25,0.42,0,14,310.625,1.1180207,0.0,1545.334,,,,,,
89648288adbffff,1,2021,1.9,1.6228571428571428,2.25,0.42,0,14,316.52942,0.76977026,0.15936883,2034.5887,-0.4729913171256155,0.0189064890146255,0.1837234300754751,False,18.718345,98.933567
89648289da7ffff,2,2021,1.9,1.6228571428571428,2.25,0.42,0,14,316.16666,1.004647,0.10034333,2217.2393,-0.3909666552457052,0.0250536873936653,0.2281088330080624,False,18.715924,98.936073
89648288e6bffff,1,2021,1.9,1.6228571428571428,2.25,0.42,0,14,314.53333,1.2521487,0.0,2223.5295,-0.5159044426877466,0.0626134276390075,0.211557793749928,False,18.712695,98.935105
89648288147ffff,1,2021,1.9,1.6228571428571428,2.25,0.42,0,14,302.3125,0.7958463,0.2331537,3013.9536,,,,,,
89648288e57ffff,2,2021,1.9,1.6228571428571428,2.25,0.42,0,14,309.29413,0.80855346,0.60264546,2705.2954,,,,,,
89648288023ffff,1,2021,1.9,1.6228571428571428,2.25,0.42,0,14,297.9375,1.0252454,0.46825346,1616.178,,,,,,
8964828838bffff,1,2021,1.9,1.6228571428571428,2.25,0.42,0,14,300.2353,0.747026,0.0,1954.0809,,,,,,
89648289117ffff,3,2021,1.9,1.6228571428571428,2.25,0.42,0,14,299.58823,0.83199453,3.708317,128.45677,-0.4147849623564552,0.0066048433072865,0.1612196250521919,False,18.732071,98.992636
89648288ed3ffff,1,2021,1.9,1.6228571428571428,2.25,0.42,0,14,305.125,0.66281956,0.80744046,3384.11,,,,,,
89648289da3ffff,1,2021,1.9,1.6228571428571428,2.25,0.42,0,14,314.6875,0.8432549,0.2982008,2063.6914,-0.4774548586228098,-0.0513643659651279,0.1841205126036447,False,18.716732,98.939548
89648288e83ffff,1,2021,1.9,1.6228571428571428,2.25,0.42,0,14,306.73334,0.8005543,0.060206,2575.0159,,,,,,
896482c6133ffff,1,2021,1.9,1.6228571428571428,2.25,0.42,0,14,308.25,1.1460453,0.5955029,1506.5698,-0.2823827582291064,0.0843828693032264,0.1844829687378741,False,18.784517,99.024546
89648288327ffff,1,2021,1.9,1.6228571428571428,2.25,0.42,0,14,308.6,0.7113416,0.060206,2676.3572,-0.4664696823354769,-0.015345268882811,0.1689941605500358,False,18.707047,98.949573
89648288e0fffff,1,2021,1.9,1.6228571428571428,2.25,0.42,0,14,313.06668,0.905564,0.0,1946.6764,,,,,,
89648288e07ffff,1,2021,1.9,1.6228571428571428,2.25,0.42,0,14,310.875,0.8013862,0.0,1784.6864,,,,,,
896482d4b63ffff,2,2021,1.9,1.6228571428571428,2.25,0.42,0,14,301.7647,0.7285467,2.4187,126.20075,-0.4098660837024939,0.082767978310585,0.1797731347680692,False,18.760296,99.062532
89648289023ffff,1,2021,1.9,1.6228571428571428,2.25,0.42,0,14,299.06668,0.6874906,0.22075534,1184.4515,-0.3428927859277451,0.2033660560846328,0.2292205532636646,False,18.741753,99.008473
8964828944fffff,1,2021,1.9,1.6228571428571428,2.25,0.42,0,14,299.06668,0.76268345,0.15904042,3212.8035,-0.3983454983056892,0.073413036763668,0.2094369149800712,False,18.733675,99.038374
896482c6c1bffff,1,2021,1.9,1.6228571428571428,2.25,0.42,0,14,308.1875,1.0388755,4.4981174,80.942986,-0.5396948961424837,-0.171724259853363,0.1518820651479781,False,18.781293,99.010645
896482c6c57ffff,1,2021,1.9,1.6228571428571428,2.25,0.42,0,14,308.25,0.8168506,3.6547031,120.088875,-0.344991215996084,0.0576960816979408,0.2014576735142497,False,18.78452,99.011614
896482d4b0fffff,3,2021,1.9,1.6228571428571428,2.25,0.42,0,14,301.0,0.87052315,3.3148115,88.59161,-0.2884699786269687,0.0944444462656974,0.1633587832362171,False,18.754647,99.064068
8964828942bffff,1,2021,1.9,1.6228571428571428,2.25,0.42,0,14,301.0625,1.0440942,0.0,3214.7021,-0.4406977335617266,0.1105910018086433,0.1526813096929203,False,18.728029,99.026981
896482c6e43ffff,1,2021,1.9,1.6228571428571428,2.25,0.42,0,14,310.0,0.7734511,0.0,2009.0922,-0.4136881218365295,0.0699364244937896,0.237390965303772,False,18.810336,99.019368
8964828904bffff,1,2021,1.9,1.6228571428571428,2.25,0.42,0,14,300.5625,0.55086005,0.21842813,1430.7976,-0.2393643632979732,0.1084698364138603,0.1667718065777431,False,18.751434,99.02431
89648289387ffff,1,2021,1.9,1.6228571428571428,2.25,0.42,0,14,303.70587,0.7564594,0.26470202,366.1477,-0.4134590059309355,0.0496738590300083,0.1616970405042358,False,18.749018,99.000955
8964828952fffff,1,2021,1.9,1.6228571428571428,2.25,0.42,0,14,297.05554,0.7846827,2.678734,219.20197,-0.3488691450833184,0.0343540497124195,0.1793711982436857,False,18.721578,98.999185
896482894c3ffff,1,2021,1.9,1.6228571428571428,2.25,0.42,0,14,296.93332,0.5356899,1.2093576,2861.773,-0.2731527311191157,0.2964118421077728,0.190872400969464,False,18.723181,99.04492
896482c69cbffff,5,2022,4.65,3.0892857142857144,3.92,3.83,4,14,321.3125,2.752913,0.18814376,1382.9111,-0.3448070074938507,0.1222748830914497,0.1954220726613019,False,18.794207,98.975725
89648289adbffff,2,2022,4.65,3.0892857142857144,3.92,3.83,4,14,307.26666,1.201419,0.30119476,949.1076,-0.4168795931742415,0.1293772161006927,0.2073350761419516,False,18.769194,98.97145
89648289e63ffff,2,2022,4.65,3.0892857142857144,3.92,3.83,4,14,305.25,0.9193624,1.8743277,76.42556,-0.2283993957415027,0.0359234511852264,0.191297732939548,False,18.760318,98.972019
896482c6ed7ffff,4,2022,4.65,3.0892857142857144,3.92,3.83,4,14,307.3125,1.0702735,1.2240379,1934.2375,-0.2078646452702928,0.0842572078108787,0.2318364682029598,False,18.79904,99.022442
89648289ac3ffff,2,2022,4.65,3.0892857142857144,3.92,3.83,4,14,307.25,1.6099303,1.0880075,869.5529,-0.1038583710580942,0.0815041586756706,0.1044636805958352,False,18.768387,98.967975
896482898d3ffff,3,2022,4.65,3.0892857142857144,3.92,3.83,4,14,306.33334,1.1864195,0.74470353,1148.119,-0.3115617702956568,0.0274880342185497,0.1853442854108936,False,18.74337,98.963701
896482c6dafffff,1,2022,4.65,3.0892857142857144,3.92,3.83,4,14,305.125,1.4072013,0.5421133,1004.4223,-0.2488111417223447,0.0019568686839193,0.1667951762806568,False,18.770001,98.974925
896482c63b7ffff,1,2022,4.65,3.0892857142857144,3.92,3.83,4,14,305.86667,1.3456845,0.0,2679.54,-0.4039187891869806,0.0541398897767066,0.2088007367535403,False,18.79823,99.031898
89648289253ffff,6,2022,4.65,3.0892857142857144,3.92,3.83,4,14,304.82352,1.2776438,0.0,2502.757,-0.2347230200999069,0.0879911854863166,0.2229093723980507,False,18.768377,99.032631
896482c6107ffff,6,2022,4.65,3.0892857142857144,3.92,3.83,4,14,308.13333,1.1493332,0.60206,1875.9331,-0.2311607823807948,0.1067572981119155,0.2589479558537708,False,18.785323,99.028021
896482c684bffff,2,2022,4.65,3.0892857142857144,3.92,3.83,4,14,307.625,0.76645744,2.7177687,63.62564,-0.2314321453468202,0.0603964962065219,0.1608040259606964,False,18.807921,98.996009
8964828914bffff,9,2022,4.65,3.0892857142857144,3.92,3.83,4,14,300.7647,1.0277618,2.1470585,251.76549,-0.3380133723375991,0.0594766065478324,0.1918022950412554,False,18.74579,98.999986
896482c68b3ffff,1,2022,4.65,3.0892857142857144,3.92,3.83,4,14,314.66666,0.65745825,0.14048068,1790.9224,-0.3236920518993632,0.0080459769815206,0.1385853815362626,False,18.787752,98.986719
89648289a53ffff,1,2022,4.65,3.0892857142857144,3.92,3.83,4,14,309.8,1.376182,0.72082263,1492.3003,-0.3272988520196919,0.0643831267952919,0.1623457485834276,False,18.774036,98.966437
89648289343ffff,1,2022,4.65,3.0892857142857144,3.92,3.83,4,14,308.25,2.0776234,4.2172565,98.26006,-0.2707377701595925,0.1813904792070388,0.1716347239680411,False,18.765156,99.0058
896482c6853ffff,4,2022,4.65,3.0892857142857144,3.92,3.83,4,14,310.125,1.2494912,1.0791812,342.8675,-0.3340634125732578,0.0167861934751272,0.1644263565427556,False,18.802273,98.997546
896482c6953ffff,2,2022,4.65,3.0892857142857144,3.92,3.83,4,14,320.6875,2.0263534,0.0,1094.2968,-0.3232659234211213,0.1754932552576065,0.1929567605376712,False,18.796628,98.973218
896482c685bffff,1,2022,4.65,3.0892857142857144,3.92,3.83,4,14,308.3125,0.70817745,3.1025174,68.112015,-0.2840427621344071,0.0239114444702863,0.1506711970097763,False,18.8055,98.998515
89648289493ffff,9,2022,4.65,3.0892857142857144,3.92,3.83,4,14,299.17648,0.75622284,0.0,3476.2644,-0.2159708261686932,0.0509331338107585,0.201085491769685,False,18.713497,99.042013
8964828b223ffff,1,2022,4.65,3.0892857142857144,3.92,3.83,4,14,298.88235,0.9395254,0.0,3543.8928,-0.3716552364774517,0.044203296303749,0.1625301276132963,False,18.707846,99.043549
8964828949bffff,1,2022,4.65,3.0892857142857144,3.92,3.83,4,14,297.75,0.7680223,0.4307994,3266.1812,-0.3310425816957996,0.0462387837469577,0.1938236269672531,False,18.716725,99.042982
8964828b2a3ffff,1,2022,4.65,3.0892857142857144,3.92,3.83,4,14,297.17648,1.2268875,0.10624588,3175.747,-0.326119117247209,0.0657578185200691,0.1526819037435605,False,18.699773,99.04759
896482c6e13ffff,1,2022,4.65,3.0892857142857144,3.92,3.83,4,14,309.5,1.0188056,0.14270633,1504.6564,-0.2780561206029134,0.0301600918173789,0.1953074170736346,False,18.800655,99.01646
89648288e33ffff,1,2022,4.65,3.0892857142857144,3.92,3.83,4,14,311.47058,0.8720658,0.0,1388.746,,,,,,
896482c412bffff,1,2022,4.65,3.0892857142857144,3.92,3.83,4,14,309.4375,0.90345895,0.4421128,327.45605,-0.4024965233146378,0.0135217122733592,0.1729681660694341,False,18.846641,98.994704
896482c680fffff,1,2022,4.65,3.0892857142857144,3.92,3.83,4,14,315.5,0.9787016,0.44420063,1240.7103,-0.2035470868578497,0.0753498375415802,0.1333658470472399,False,18.799854,98.98712
896482c6aa3ffff,1,2022,4.65,3.0892857142857144,3.92,3.83,4,14,310.75,1.3968486,1.6863201,258.9013,-0.2373546148176052,0.0313540808856487,0.1734587098143216,False,18.812762,98.990996
89648288c4bffff,1,2022,4.65,3.0892857142857144,3.92,3.83,4,14,305.94116,0.8322047,0.30872554,2031.8346,,,,,,
896482c6cabffff,1,2022,4.65,3.0892857142857144,3.92,3.83,4,14,308.64706,1.0334646,0.0,224.05733,-0.4140091807613081,0.1589641124010086,0.2043921084905617,False,18.776454,99.002726
8964828989bffff,3,2022,4.65,3.0892857142857144,3.92,3.83,4,14,309.73334,1.1369975,0.0,809.9526,-0.3636657826032825,0.0449876002967357,0.1997171409781694,False,18.739334,98.959257
896482888d7ffff,4,2022,4.65,3.0892857142857144,3.92,3.83,4,14,311.7647,0.78471786,0.4847416,464.2217,,,,,,
8964828918fffff,2,2022,4.65,3.0892857142857144,3.92,3.83,4,14,298.8889,0.953884,3.081512,164.16422,-0.3281622993645187,0.1337352395057678,0.2026947564970101,False,18.729649,98.995142
896482886cbffff,1,2022,4.65,3.0892857142857144,3.92,3.83,4,14,294.3125,0.799774,0.47712126,2036.6239,-0.2855220609147466,0.05160503834486,0.1698012378439516,False,18.698167,99.014786
896482d4b37ffff,1,2022,4.65,3.0892857142857144,3.92,3.83,4,14,300.26666,0.8306442,0.6250204,920.0458,-0.4314061399709756,0.0373220480978488,0.2341019689836095,False,18.749809,99.056149
896482c654fffff,1,2022,4.65,3.0892857142857144,3.92,3.83,4,14,304.9375,0.78348553,0.451545,766.1194,-0.3741265978631604,0.0365074537694454,0.1788702521102741,False,18.778859,99.051944
896482c694bffff,1,2022,4.65,3.0892857142857144,3.92,3.83,4,14,322.0625,2.3668287,0.97470045,480.33118,-0.4586587467492145,0.0044350107200443,0.2001562152836761,False,18.802276,98.97168
896482888dbffff,1,2022,4.65,3.0892857142857144,3.92,3.83,4,14,311.13333,0.68544143,0.15904042,914.36566,,,,,,
896482c6587ffff,2,2022,4.65,3.0892857142857144,3.92,3.83,4,14,303.94116,0.83502024,0.123953536,1202.8091,-0.4070814503819512,0.0931297689676284,0.1841404700439597,False,18.760302,99.049603
896482892cbffff,5,2022,4.65,3.0892857142857144,3.92,3.83,4,14,302.0,0.7806094,0.0,2401.8762,-0.3337657455871179,0.057951170951128,0.1900542202974464,False,18.765956,99.035136
896482c6537ffff,2,2022,4.65,3.0892857142857144,3.92,3.83,4,14,301.125,0.6552519,0.13170063,2030.2229,-0.2631237859520344,0.0753739699721336,0.1889597522897197,False,18.766761,99.038611
896482c6b87ffff,1,2022,4.65,3.0892857142857144,3.92,3.83,4,14,321.3125,1.3470258,1.9475161,129.08945,-0.1862373648066436,0.0401985757052898,0.1455734242177442,False,18.805503,98.972649
896482c6973ffff,10,2022,4.65,3.0892857142857144,3.92,3.83,4,14,325.25,1.0271277,1.0388056,995.3666,-0.3110564584080375,0.0724484398961067,0.1872503121067017,False,18.797435,98.96376
896482c6d6fffff,1,2022,4.65,3.0892857142857144,3.92,3.83,4,14,311.13333,1.1446987,0.4700496,2304.1233,-0.4306354423303399,0.1025903224945068,0.1705061508993453,False,18.785332,98.976294
896482892d7ffff,1,2022,4.65,3.0892857142857144,3.92,3.83,4,14,301.0625,1.0112153,0.6213755,2293.1016,-0.3111542586471929,0.0424585156142711,0.1773883761484571,False,18.759501,99.033198
8964828824fffff,1,2022,4.65,3.0892857142857144,3.92,3.83,4,14,300.9375,1.014641,0.0,412.13046,-0.4049416744564775,-0.0187548268586397,0.1619941577803183,False,18.722386,98.98973
896482c4533ffff,4,2022,4.65,3.0892857142857144,3.92,3.83,4,14,307.8125,1.1398028,0.5425213,801.6617,-0.1871829109458005,0.0930071473121643,0.1913066913795278,False,18.824051,99.013788
896482c694fffff,2,2022,4.65,3.0892857142857144,3.92,3.83,4,14,322.64706,0.91995084,0.0,549.6849,-0.3160988598463747,0.1203852295875549,0.2082081004963615,False,18.801469,98.968205
896482c6a27ffff,1,2022,4.65,3.0892857142857144,3.92,3.83,4,14,315.26666,1.3490533,0.240824,508.10233,-0.3193560946489214,0.0476569086313247,0.1908431747771174,False,18.820023,98.983476
896482c6e57ffff,15,2022,4.65,3.0892857142857144,3.92,3.83,4,14,308.82352,0.9244048,0.0,1783.7646,-0.2001437045184233,0.1357167661190033,0.2091541977807795,False,18.807109,99.018399
896482894d7ffff,8,2022,4.65,3.0892857142857144,3.92,3.83,4,14,297.375,0.65539575,0.84807044,3103.4773,-0.2360972611060909,0.1812500059604644,0.2235824781144729,False,18.719953,99.043951
89648289183ffff,1,2022,4.65,3.0892857142857144,3.92,3.83,4,14,299.70587,0.8169622,0.47712123,312.458,-0.4241941163578714,0.0167641323059797,0.1707897031248013,False,18.727228,98.997648
896482c63a7ffff,10,2022,4.65,3.0892857142857144,3.92,3.83,4,14,305.0625,1.5425546,0.76505655,2603.3643,-0.2595693060256139,0.0888174101710319,0.239870481614634,False,18.800652,99.029392
896482c6ecfffff,1,2022,4.65,3.0892857142857144,3.92,3.83,4,14,306.875,1.1655928,0.39368728,2022.3734,-0.3526412873911684,0.1181818172335624,0.2312605923321637,False,18.804688,99.020905
89648289447ffff,5,2022,4.65,3.0892857142857144,3.92,3.83,4,14,298.8125,0.73706865,0.2317391,3409.416,-0.2849505822259767,0.0706885084509849,0.2141387923692466,False,18.730448,99.037405
896482c6bcfffff,2,2022,4.65,3.0892857142857144,3.92,3.83,4,14,314.75,1.535978,0.09726891,510.25778,-0.5105066605285064,0.0552785247564315,0.171381616382767,False,18.81599,98.979031
896482c6bb7ffff,2,2022,4.65,3.0892857142857144,3.92,3.83,4,14,324.5,1.1538868,0.6458362,283.83075,-0.4068921870116983,0.0823529437184333,0.2201187387508833,False,18.803889,98.965698
896482c695bffff,1,2022,4.65,3.0892857142857144,3.92,3.83,4,14,320.75,0.6822399,0.5061646,754.41626,-0.3740824700929782,0.0217640325427055,0.1935493361596565,False,18.799855,98.974187
896482c6913ffff,2,2022,4.65,3.0892857142857144,3.92,3.83,4,14,320.3125,1.26843,0.9375,1866.8105,-0.3553137095266908,0.0176800694316625,0.1842656452839495,False,18.789366,98.967805
89648288123ffff,2,2022,4.65,3.0892857142857144,3.92,3.83,4,14,303.33334,1.0061588,0.240824,2633.9985,,,,,,
896482c686bffff,1,2022,4.65,3.0892857142857144,3.92,3.83,4,14,316.75,1.1622945,0.13170063,531.4757,-0.3048134902444706,0.0396683365106582,0.1423366470729186,False,18.808729,98.986551
896482898d7ffff,1,2022,4.65,3.0892857142857144,3.92,3.83,4,14,310.0,0.94703305,0.4135051,1106.9766,-0.1726423091264416,0.0560696795582771,0.12151174655708,False,18.742563,98.960226
89648289acbffff,1,2022,4.65,3.0892857142857144,3.92,3.83,4,14,308.0,1.1037979,1.0838162,1211.7479,-0.2869387992347428,0.0855250060558319,0.1973073102893557,False,18.771615,98.968943
896482c680bffff,1,2022,4.65,3.0892857142857144,3.92,3.83,4,14,312.0,1.1684918,0.5363936,936.08026,-0.2852935322760278,0.0647851452231407,0.1942950232138865,False,18.800661,98.990595
896482c6aafffff,1,2022,4.65,3.0892857142857144,3.92,3.83,4,14,309.29413,0.84254,0.5133749,194.97316,-0.3128706983877509,0.038905419409275,0.1508338074164414,False,18.815182,98.988489
89648289e97ffff,1,2022,4.65,3.0892857142857144,3.92,3.83,4,14,301.75,0.8330736,0.22051713,669.44165,-0.487150934552896,0.0157851036638021,0.1809890249533291,False,18.740949,98.979138
896482c6c17ffff,1,2022,4.65,3.0892857142857144,3.92,3.83,4,14,308.06668,0.8042252,4.4982142,71.62131,-0.3810279145377245,0.0018432500073686,0.2459405559259019,False,18.77726,99.006201
896482c6c07ffff,1,2022,4.65,3.0892857142857144,3.92,3.83,4,14,309.6,0.9791336,0.44036162,397.80588,-0.4519959903248962,8.019127562874928e-05,0.2149085025982008,False,18.779681,99.003695
896482c6827ffff,2,2022,4.65,3.0892857142857144,3.92,3.83,4,14,324.0,2.807057,0.0,1065.7986,-0.3680776834910805,0.3069705069065094,0.1770438652969229,False,18.797435,98.976693
89648288643ffff,2,2022,4.65,3.0892857142857144,3.92,3.83,4,14,296.58823,1.077908,0.72029257,1751.531,-0.4311978409627396,0.2234848439693451,0.2019816312072634,False,18.703011,99.009775
896482891b3ffff,1,2022,4.65,3.0892857142857144,3.92,3.83,4,14,300.73334,0.97746235,0.60040367,338.66116,-0.4637653945243398,-0.020380126312375,0.118631709855123,False,18.725614,98.990699
896482c456fffff,1,2022,4.65,3.0892857142857144,3.92,3.83,4,14,309.53333,1.1263071,0.69897,959.6462,-0.4868268068479889,0.0086011765524744,0.2156750020453187,False,18.836151,99.014189
8964828b34fffff,1,2022,4.65,3.0892857142857144,3.92,3.83,4,14,297.2353,1.0446439,0.4490553,3696.0464,-0.4922423310301143,0.0300200134515762,0.1549615507650349,False,18.711079,99.03159
89648289127ffff,1,2022,4.65,3.0892857142857144,3.92,3.83,4,14,301.83334,0.9856101,0.0,969.9694,-0.3550078902731579,0.0214619524776935,0.1599015754492953,False,18.7353,98.980675
8964828914fffff,1,2022,4.65,3.0892857142857144,3.92,3.83,4,14,303.13333,1.0143039,3.600028,129.52234,-0.3876361597436571,-0.0024616669397801,0.1518463217832559,False,18.744983,98.996512
896482896abffff,8,2022,4.65,3.0892857142857144,3.92,3.83,4,14,300.6,0.88608766,0.05187675,2961.3584,-0.2311062488064319,0.1170358583331108,0.2264105026900619,False,18.742553,99.037807
89648289d47ffff,2,2022,4.65,3.0892857142857144,3.92,3.83,4,14,310.125,0.62481487,0.26340127,535.0252,-0.5175671783589916,0.0080326236784458,0.1449558242192898,False,18.730455,98.946896
89648289e8fffff,1,2022,4.65,3.0892857142857144,3.92,3.83,4,14,302.875,1.0029776,0.5644925,432.1304,-0.2648743586104869,0.0851966887712478,0.1259729822447924,False,18.746598,98.9776
89648289d0bffff,1,2022,4.65,3.0892857142857144,3.92,3.83,4,14,311.8125,0.6626124,0.0,884.43756,-0.4910077926939586,-0.0634108558297157,0.1303515809073767,False,18.727226,98.945927
896482c6917ffff,1,2022,4.65,3.0892857142857144,3.92,3.83,4,14,320.29413,0.90385216,0.10624588,1957.7128,-0.2650285200332552,0.0436215624213218,0.1483565524100603,False,18.78856,98.96433
89648288177ffff,1,2022,4.65,3.0892857142857144,3.92,3.83,4,14,302.70587,0.9249002,0.30103,3237.3066,,,,,,
89648288153ffff,2,2022,4.65,3.0892857142857144,3.92,3.83,4,14,299.875,1.3678637,1.1064038,2369.6777,,,,,,
896482c6ab3ffff,2,2022,4.65,3.0892857142857144,3.92,3.83,4,14,307.8125,0.8353633,4.496902,75.47803,-0.3208879471374935,0.0542481802403926,0.1852784865779682,False,18.810341,98.993502
89648288e63ffff,1,2022,4.65,3.0892857142857144,3.92,3.83,4,14,314.26666,0.6935152,0.0,2039.6509,-0.4338261283262984,0.1273364424705505,0.2159184179260058,False,18.709465,98.934137
896482c613bffff,1,2022,4.65,3.0892857142857144,3.92,3.83,4,14,307.5,0.5190973,0.42548165,1626.0083,-0.2405955368198949,0.0647575631737709,0.1572049186725974,False,18.787744,99.025515
896482c45bbffff,1,2022,4.65,3.0892857142857144,3.92,3.83,4,14,307.3125,1.183378,1.6127839,1482.4963,-0.4613322219180346,0.0036624579224735,0.2139553780605952,False,18.81921,99.0188
896482c6e47ffff,1,2022,4.65,3.0892857142857144,3.92,3.83,4,14,311.58823,1.3004851,0.17707647,1634.7802,-0.3381725784170254,0.4693658053874969,0.1924431020793494,False,18.80953,99.015893
89648289e87ffff,1,2022,4.65,3.0892857142857144,3.92,3.83,4,14,300.8889,0.79533124,1.0454144,696.6121,-0.3880508885226196,0.0509619861841201,0.1959533709220497,False,18.74337,98.976631
896482880cfffff,1,2022,4.65,3.0892857142857144,3.92,3.83,4,14,298.5625,1.4454638,3.475492,147.42126,,,,,,
89648289c6fffff,1,2022,4.65,3.0892857142857144,3.92,3.83,4,14,305.52942,1.2174677,0.18743479,982.10077,-0.4528829568951842,0.0385275073349475,0.2173816857103523,False,18.740142,98.962732
896482894c7ffff,1,2022,4.65,3.0892857142857144,3.92,3.83,4,14,297.625,0.73941696,1.1003233,3227.2527,-0.3143753285965115,0.2959878742694855,0.2309154000670221,False,18.722375,99.041446
896482896a7ffff,1,2022,4.65,3.0892857142857144,3.92,3.83,4,14,299.9375,0.9309143,0.17892048,3004.4219,-0.3621848268018151,0.1821715682744979,0.2231280438506346,False,18.738519,99.033363
896482d4907ffff,1,2022,4.65,3.0892857142857144,3.92,3.83,4,14,297.13333,0.6282478,1.2443455,1496.4586,-0.4380369625609843,0.1074383854866027,0.2028883595404861,False,18.728826,99.056313
896482c4e77ffff,1,2022,4.65,3.0892857142857144,3.92,3.83,4,14,312.4375,1.580209,0.2204285,349.26846,-0.3787623618986018,0.0148387122899293,0.1626962385739979,False,18.864387,98.980632
896482883b3ffff,4,2022,4.65,3.0892857142857144,3.92,3.83,4,14,300.82352,0.7083187,0.5937094,2800.6387,,,,,,
89648288ed7ffff,3,2022,4.65,3.0892857142857144,3.92,3.83,4,14,305.58823,0.5065735,0.6726309,3052.4395,,,,,,
896482c698bffff,1,2022,4.65,3.0892857142857144,3.92,3.83,4,14,315.875,1.0061122,0.5207938,2128.834,-0.2672406656623636,0.0290377624332904,0.1578642634071734,False,18.786946,98.970312
89648289a13ffff,2,2022,4.65,3.0892857142857144,3.92,3.83,4,14,311.125,1.1076622,0.43144313,1062.3003,-0.4731721522993075,-0.0209601540118455,0.1672797017508184,False,18.766773,98.961024
896482c6d87ffff,1,2022,4.65,3.0892857142857144,3.92,3.83,4,14,304.6,0.79940593,0.1957676,887.3331,-0.3298275215431387,0.0232710633426904,0.1900522542609147,False,18.765966,98.983413
896482890cfffff,2,2022,4.65,3.0892857142857144,3.92,3.83,4,14,299.8,0.79423195,0.897997,2018.2168,-0.1896892493322967,0.0541534014046192,0.180941118511933,False,18.742557,99.024877
89648289807ffff,1,2022,4.65,3.0892857142857144,3.92,3.83,4,14,315.75,1.006516,0.0,961.50415,-0.5050040561527094,-0.0399999991059303,0.1364924174171035,False,18.74579,98.948263
896482888d3ffff,2,2022,4.65,3.0892857142857144,3.92,3.83,4,14,310.8125,0.87680405,0.11288625,824.76715,,,,,,
896482c6cafffff,1,2022,4.65,3.0892857142857144,3.92,3.83,4,14,307.875,1.097946,0.28114182,422.7651,-0.2555035864260178,0.1712960004806518,0.1588271625508509,False,18.775647,98.999251
89648289c43ffff,1,2022,4.65,3.0892857142857144,3.92,3.83,4,14,301.4,0.798912,0.28778166,1048.3118,-0.3361517270574977,0.0449658669531345,0.1486447282909369,False,18.736914,98.974694
896482c6d0fffff,4,2022,4.65,3.0892857142857144,3.92,3.83,4,14,308.53333,0.6896977,1.0587202,1849.6725,-0.2545046006257281,0.0012718014186248,0.1374043459963109,False,18.777263,98.980338
8964828924fffff,1,2022,4.65,3.0892857142857144,3.92,3.83,4,14,302.75,1.0896482,1.20412,2030.8756,-0.2721017662922624,0.0451384969055652,0.1599108882446505,False,18.77322,99.027619
8964828964bffff,1,2022,4.65,3.0892857142857144,3.92,3.83,4,14,304.1875,1.2330503,0.056443125,1324.7362,-0.2798117869980434,0.0570530295372009,0.1653559655704085,False,18.757075,99.048633
896482c61b7ffff,1,2022,4.65,3.0892857142857144,3.92,3.83,4,14,304.375,0.8495898,0.3308501,1673.8931,-0.3188950548015672,0.0721442028880119,0.2373295560944567,False,18.775642,99.025113
89648288adbffff,4,2022,4.65,3.0892857142857144,3.92,3.83,4,14,316.52942,0.76977026,0.15936883,2034.5887,-0.4729913171256155,0.0189064890146255,0.1837234300754751,False,18.718345,98.933567
89648288147ffff,1,2022,4.65,3.0892857142857144,3.92,3.83,4,14,302.3125,0.7958463,0.2331537,3013.9536,,,,,,
896482c4acfffff,1,2022,4.65,3.0892857142857144,3.92,3.83,4,14,314.625,0.5041175,0.19773485,1297.2206,-0.5506909291088292,-0.0627841651439666,0.1310975077494733,False,18.878098,98.975049
89648288e73ffff,1,2022,4.65,3.0892857142857144,3.92,3.83,4,14,312.26666,0.87091845,0.060206,2145.9092,-0.3266484794465406,-0.0201983097940683,0.1480295845995285,False,18.707044,98.936643
89648289c37ffff,1,2022,4.65,3.0892857142857144,3.92,3.83,4,14,306.75,0.8717568,0.0,356.7068,-0.3906988417224507,0.1516511291265487,0.1765329376988517,False,18.727228,98.958858
89648288307ffff,2,2022,4.65,3.0892857142857144,3.92,3.83,4,14,305.125,0.87819934,0.119280316,2337.9016,-0.4093922628629818,-0.0666295364499092,0.1746558341740767,False,18.706241,98.959028
896482c61c3ffff,1,2022,4.65,3.0892857142857144,3.92,3.83,4,14,304.26666,0.81271464,0.0,2145.941,-0.3256027375284972,0.0458913967013359,0.1884808775340415,False,18.785318,99.040952
89648288327ffff,1,2022,4.65,3.0892857142857144,3.92,3.83,4,14,308.6,0.7113416,0.060206,2676.3572,-0.4664696823354769,-0.015345268882811,0.1689941605500358,False,18.707047,98.949573
896482883bbffff,1,2022,4.65,3.0892857142857144,3.92,3.83,4,14,301.0625,0.5063594,0.48917377,2680.8157,,,,,,
8964828806fffff,2,2022,4.65,3.0892857142857144,3.92,3.83,4,14,298.1875,0.78901994,0.0,1283.0787,,,,,,
89648289023ffff,1,2022,4.65,3.0892857142857144,3.92,3.83,4,14,299.06668,0.6874906,0.22075534,1184.4515,-0.3428927859277451,0.2033660560846328,0.2292205532636646,False,18.741753,99.008473
896482d4b3bffff,2,2022,4.65,3.0892857142857144,3.92,3.83,4,14,299.52942,0.6889463,0.46039885,424.21503,-0.398382420148243,0.0424323417246341,0.1756069382579025,False,18.753842,99.060594
896482d4b0fffff,1,2022,4.65,3.0892857142857144,3.92,3.83,4,14,301.0,0.87052315,3.3148115,88.59161,-0.2884699786269687,0.0944444462656974,0.1633587832362171,False,18.754647,99.064068
896482c6cd7ffff,1,2022,4.65,3.0892857142857144,3.92,3.83,4,14,306.70587,0.7111555,0.19044374,718.0796,-0.420762532354544,0.0837166532874107,0.1900326034104784,False,18.776451,99.015657
896482c6cc7ffff,1,2022,4.65,3.0892857142857144,3.92,3.83,4,14,306.6875,1.5880983,0.40041265,364.23822,-0.4747105241461369,0.0131124909967184,0.1728725254403827,False,18.778872,99.013151
8964828923bffff,1,2022,4.65,3.0892857142857144,3.92,3.83,4,14,302.125,0.8965177,1.5910646,1178.9218,-0.3864046203708136,-0.0420276373624801,0.1434324023192373,False,18.765154,99.018731
896482896cbffff,1,2022,4.65,3.0892857142857144,3.92,3.83,4,14,301.64706,0.7625176,0.60145414,1288.955,-0.3607643447226257,0.0358030088245868,0.1825736835717059,False,18.749003,99.052675
896482896dbffff,1,2022,4.65,3.0892857142857144,3.92,3.83,4,14,300.41177,0.91055644,0.6541197,1037.9927,-0.4816458420345253,0.0345876105129718,0.216625999658818,False,18.746581,99.05518
896482c4a73ffff,1,2022,4.65,3.0892857142857144,3.92,3.83,4,14,318.53333,1.361414,0.71414274,1719.6743,-0.5679363364130168,-0.1127227917313575,0.1278482035375635,False,18.882131,98.966557
896482892afffff,3,2022,4.65,3.0892857142857144,3.92,3.83,4,14,302.9375,0.7455877,1.0372779,559.2699,-0.3227439217134059,0.0004027730901725,0.1688781750055571,False,18.758699,99.016793
896482c69cbffff,4,2023,2.43,1.825,2.81,2.05,0,14,321.3125,2.752913,0.18814376,1382.9111,-0.3448070074938507,0.1222748830914497,0.1954220726613019,False,18.794207,98.975725
89648289adbffff,1,2023,2.43,1.825,2.81,2.05,0,14,307.26666,1.201419,0.30119476,949.1076,-0.4168795931742415,0.1293772161006927,0.2073350761419516,False,18.769194,98.97145
89648289e63ffff,2,2023,2.43,1.825,2.81,2.05,0,14,305.25,0.9193624,1.8743277,76.42556,-0.2283993957415027,0.0359234511852264,0.191297732939548,False,18.760318,98.972019
896482c6ed7ffff,8,2023,2.43,1.825,2.81,2.05,0,14,307.3125,1.0702735,1.2240379,1934.2375,-0.2078646452702928,0.0842572078108787,0.2318364682029598,False,18.79904,99.022442
89648289ac3ffff,2,2023,2.43,1.825,2.81,2.05,0,14,307.25,1.6099303,1.0880075,869.5529,-0.1038583710580942,0.0815041586756706,0.1044636805958352,False,18.768387,98.967975
896482898d3ffff,1,2023,2.43,1.825,2.81,2.05,0,14,306.33334,1.1864195,0.74470353,1148.119,-0.3115617702956568,0.0274880342185497,0.1853442854108936,False,18.74337,98.963701
89648289253ffff,3,2023,2.43,1.825,2.81,2.05,0,14,304.82352,1.2776438,0.0,2502.757,-0.2347230200999069,0.0879911854863166,0.2229093723980507,False,18.768377,99.032631
896482c6107ffff,2,2023,2.43,1.825,2.81,2.05,0,14,308.13333,1.1493332,0.60206,1875.9331,-0.2311607823807948,0.1067572981119155,0.2589479558537708,False,18.785323,99.028021
896482c684bffff,2,2023,2.43,1.825,2.81,2.05,0,14,307.625,0.76645744,2.7177687,63.62564,-0.2314321453468202,0.0603964962065219,0.1608040259606964,False,18.807921,98.996009
8964828914bffff,9,2023,2.43,1.825,2.81,2.05,0,14,300.7647,1.0277618,2.1470585,251.76549,-0.3380133723375991,0.0594766065478324,0.1918022950412554,False,18.74579,98.999986
89648289c77ffff,2,2023,2.43,1.825,2.81,2.05,0,14,304.6,0.77478653,0.06361617,518.2928,-0.4670719430716792,0.0777764692902565,0.1580697333865953,False,18.734492,98.96427
896482c612bffff,1,2023,2.43,1.825,2.81,2.05,0,14,307.75,0.5949406,0.029820079,1437.1924,-0.2979134966543658,0.0565118044614791,0.1575844616561941,False,18.790165,99.023009
896482892c7ffff,2,2023,2.43,1.825,2.81,2.05,0,14,303.375,1.183282,0.48054188,2089.47,-0.3192284370072222,0.1858555227518081,0.1731180086541788,False,18.761923,99.030692
89648289373ffff,1,2023,2.43,1.825,2.81,2.05,0,14,305.86667,1.079965,0.0,754.8221,-0.3614639287376592,-0.0179640725255012,0.1256218902564601,False,18.763544,98.99885
896482c6853ffff,1,2023,2.43,1.825,2.81,2.05,0,14,310.125,1.2494912,1.0791812,342.8675,-0.3340634125732578,0.0167861934751272,0.1644263565427556,False,18.802273,98.997546
896482c68cfffff,1,2023,2.43,1.825,2.81,2.05,0,14,309.375,0.7259234,0.29961538,612.62866,-0.2146338607484437,0.0511909276247024,0.1728250021578903,False,18.799046,98.996577
896482c6973ffff,2,2023,2.43,1.825,2.81,2.05,0,14,325.25,1.0271277,1.0388056,995.3666,-0.3110564584080375,0.0724484398961067,0.1872503121067017,False,18.797435,98.96376
896482c6cd3ffff,1,2023,2.43,1.825,2.81,2.05,0,14,306.26666,0.88192433,1.0791812,987.6322,-0.3871417787484413,0.0052009457722306,0.1854269808521167,False,18.777257,99.019132
896482c685bffff,1,2023,2.43,1.825,2.81,2.05,0,14,308.3125,0.70817745,3.1025174,68.112015,-0.2840427621344071,0.0239114444702863,0.1506711970097763,False,18.8055,98.998515
89648289493ffff,11,2023,2.43,1.825,2.81,2.05,0,14,299.17648,0.75622284,0.0,3476.2644,-0.2159708261686932,0.0509331338107585,0.201085491769685,False,18.713497,99.042013
8964828b223ffff,1,2023,2.43,1.825,2.81,2.05,0,14,298.88235,0.9395254,0.0,3543.8928,-0.3716552364774517,0.044203296303749,0.1625301276132963,False,18.707846,99.043549
8964828b2a3ffff,1,2023,2.43,1.825,2.81,2.05,0,14,297.17648,1.2268875,0.10624588,3175.747,-0.326119117247209,0.0657578185200691,0.1526819037435605,False,18.699773,99.04759
896482894cfffff,1,2023,2.43,1.825,2.81,2.05,0,14,298.06668,0.7508675,0.6841132,3005.3447,-0.3449952778549118,0.2647058963775635,0.1799845803826094,False,18.725603,99.042415
896482c412bffff,1,2023,2.43,1.825,2.81,2.05,0,14,309.4375,0.90345895,0.4421128,327.45605,-0.4024965233146378,0.0135217122733592,0.1729681660694341,False,18.846641,98.994704
896482c680fffff,1,2023,2.43,1.825,2.81,2.05,0,14,315.5,0.9787016,0.44420063,1240.7103,-0.2035470868578497,0.0753498375415802,0.1333658470472399,False,18.799854,98.98712
89648289acfffff,1,2023,2.43,1.825,2.81,2.05,0,14,308.82352,1.2555432,0.4391839,1166.9049,-0.2838632797423412,0.0130896512418985,0.2066437026391497,False,18.770808,98.965468
896482c6903ffff,1,2023,2.43,1.825,2.81,2.05,0,14,323.3125,1.3105081,0.47998112,1615.7081,-0.5020094448027601,0.0422850362956523,0.1830719818018537,False,18.791787,98.965298
896482c6857ffff,1,2023,2.43,1.825,2.81,2.05,0,14,308.11765,0.98577243,0.96159184,631.9801,-0.2415544632659691,0.060969740152359,0.1693834128332839,False,18.801467,98.994071
896482c652bffff,1,2023,2.43,1.825,2.81,2.05,0,14,302.25,0.7710758,0.38766104,1725.5312,-0.4574202078942019,0.0382513664662838,0.2157258860337897,False,18.773216,99.04055
89648289883ffff,1,2023,2.43,1.825,2.81,2.05,0,14,311.6875,0.7100269,0.018814376,510.3086,-0.3648654632774939,0.0529729723930358,0.136514148845226,False,18.738527,98.955782
8964828918fffff,3,2023,2.43,1.825,2.81,2.05,0,14,298.8889,0.953884,3.081512,164.16422,-0.3281622993645187,0.1337352395057678,0.2026947564970101,False,18.729649,98.995142
896482c6177ffff,2,2023,2.43,1.825,2.81,2.05,0,14,307.4375,0.69809973,0.30103,1817.2515,-0.3060802949200244,0.0458860769867897,0.1766975693705713,False,18.790971,99.026485
896482886cbffff,2,2023,2.43,1.825,2.81,2.05,0,14,294.3125,0.799774,0.47712126,2036.6239,-0.2855220609147466,0.05160503834486,0.1698012378439516,False,18.698167,99.014786
89648289d6bffff,1,2023,2.43,1.825,2.81,2.05,0,14,312.75,0.79564893,1.9330984,122.4871,-0.5745053176460151,-0.1750629693269729,0.1364340495637429,False,18.735296,98.941883
896482c6827ffff,1,2023,2.43,1.825,2.81,2.05,0,14,324.0,2.807057,0.0,1065.7986,-0.3680776834910805,0.3069705069065094,0.1770438652969229,False,18.797435,98.976693
89648288e7bffff,2,2023,2.43,1.825,2.81,2.05,0,14,313.41177,1.0843431,0.15936883,2402.6973,-0.4086102042638408,0.1231300309300422,0.2593189702378625,False,18.710274,98.937611
896482c681bffff,1,2023,2.43,1.825,2.81,2.05,0,14,309.53333,0.974591,0.30103,961.1537,-0.2724002420028555,0.0384055078029632,0.1517010739002268,False,18.79824,98.993102
89648289ad3ffff,1,2023,2.43,1.825,2.81,2.05,0,14,306.46667,1.0258933,0.87420285,599.74835,-0.3853962928461688,-0.0302958507090806,0.190748280353521,False,18.765966,98.970481
896482c6587ffff,1,2023,2.43,1.825,2.81,2.05,0,14,303.94116,0.83502024,0.123953536,1202.8091,-0.4070814503819512,0.0931297689676284,0.1841404700439597,False,18.760302,99.049603
896482892cbffff,5,2023,2.43,1.825,2.81,2.05,0,14,302.0,0.7806094,0.0,2401.8762,-0.3337657455871179,0.057951170951128,0.1900542202974464,False,18.765956,99.035136
896482c6537ffff,3,2023,2.43,1.825,2.81,2.05,0,14,301.125,0.6552519,0.13170063,2030.2229,-0.2631237859520344,0.0753739699721336,0.1889597522897197,False,18.766761,99.038611
89648288243ffff,1,2023,2.43,1.825,2.81,2.05,0,14,297.4,0.6575966,2.7105246,131.0214,-0.302578253376257,-0.0075021972879767,0.1363353847834692,False,18.719964,98.992236
896482c4533ffff,1,2023,2.43,1.825,2.81,2.05,0,14,307.8125,1.1398028,0.5425213,801.6617,-0.1871829109458005,0.0930071473121643,0.1913066913795278,False,18.824051,99.013788
896482c694fffff,3,2023,2.43,1.825,2.81,2.05,0,14,322.64706,0.91995084,0.0,549.6849,-0.3160988598463747,0.1203852295875549,0.2082081004963615,False,18.801469,98.968205
896482c6a27ffff,2,2023,2.43,1.825,2.81,2.05,0,14,315.26666,1.3490533,0.240824,508.10233,-0.3193560946489214,0.0476569086313247,0.1908431747771174,False,18.820023,98.983476
896482c6e57ffff,8,2023,2.43,1.825,2.81,2.05,0,14,308.82352,0.9244048,0.0,1783.7646,-0.2001437045184233,0.1357167661190033,0.2091541977807795,False,18.807109,99.018399
896482894d7ffff,4,2023,2.43,1.825,2.81,2.05,0,14,297.375,0.65539575,0.84807044,3103.4773,-0.2360972611060909,0.1812500059604644,0.2235824781144729,False,18.719953,99.043951
896482c6da7ffff,1,2023,2.43,1.825,2.81,2.05,0,14,304.5625,0.902669,0.52234864,682.3579,-0.1947573743510553,0.0577329732477664,0.1697592875512591,False,18.766773,98.973956
89648289183ffff,1,2023,2.43,1.825,2.81,2.05,0,14,299.70587,0.8169622,0.47712123,312.458,-0.4241941163578714,0.0167641323059797,0.1707897031248013,False,18.727228,98.997648
896482c63a7ffff,5,2023,2.43,1.825,2.81,2.05,0,14,305.0625,1.5425546,0.76505655,2603.3643,-0.2595693060256139,0.0888174101710319,0.239870481614634,False,18.800652,99.029392
896482c6ecfffff,2,2023,2.43,1.825,2.81,2.05,0,14,306.875,1.1655928,0.39368728,2022.3734,-0.3526412873911684,0.1181818172335624,0.2312605923321637,False,18.804688,99.020905
89648289447ffff,2,2023,2.43,1.825,2.81,2.05,0,14,298.8125,0.73706865,0.2317391,3409.416,-0.2849505822259767,0.0706885084509849,0.2141387923692466,False,18.730448,99.037405
896482c6bcfffff,1,2023,2.43,1.825,2.81,2.05,0,14,314.75,1.535978,0.09726891,510.25778,-0.5105066605285064,0.0552785247564315,0.171381616382767,False,18.81599,98.979031
896482c6b8fffff,2,2023,2.43,1.825,2.81,2.05,0,14,320.1875,1.4822727,0.93619704,100.275955,-0.3700509520626096,0.0147814908996224,0.2036926873874617,False,18.80873,98.973618
896482c6d67ffff,1,2023,2.43,1.825,2.81,2.05,0,14,309.875,1.3104997,0.73668796,2331.2212,-0.4551450008541582,0.1067868545651435,0.1851860600618939,False,18.782105,98.975325
8964828813bffff,1,2023,2.43,1.825,2.81,2.05,0,14,303.5,1.110247,0.34505284,3018.1516,,,,,,
896482c65b7ffff,2,2023,2.43,1.825,2.81,2.05,0,14,300.0625,1.4759101,0.059640158,1958.3945,-0.4682496926079827,0.0707695558667182,0.2143273046266092,False,18.758691,99.042653
896482c6cc7ffff,2,2023,2.43,1.825,2.81,2.05,0,14,306.6875,1.5880983,0.40041265,364.23822,-0.4747105241461369,0.0131124909967184,0.1728725254403827,False,18.778872,99.013151
896482891a3ffff,1,2023,2.43,1.825,2.81,2.05,0,14,305.6,1.7322829,0.060206,570.69727,-0.417539335674874,-0.0043094991706311,0.1556066520441872,False,18.728035,98.988193
896482c6ba3ffff,1,2023,2.43,1.825,2.81,2.05,0,14,323.25,0.86130846,2.0706954,81.87332,-0.3355899739111469,0.0849282294511795,0.2025975556648462,False,18.807116,98.966667
896482c680bffff,1,2023,2.43,1.825,2.81,2.05,0,14,312.0,1.1684918,0.5363936,936.08026,-0.2852935322760278,0.0647851452231407,0.1942950232138865,False,18.800661,98.990595
89648289193ffff,1,2023,2.43,1.825,2.81,2.05,0,14,300.0625,0.7662943,1.024663,348.46497,-0.4844866928227471,0.0833290070295333,0.1694220841452905,False,18.724806,99.000154
89648289357ffff,1,2023,2.43,1.825,2.81,2.05,0,14,307.0,0.92197716,2.8115182,138.25809,-0.348577375120212,0.0813362374901771,0.1964566246569363,False,18.761929,99.004831
896482c6ca7ffff,1,2023,2.43,1.825,2.81,2.05,0,14,307.52942,1.1389197,0.5292081,448.54404,-0.3103842168736481,0.0379152446985244,0.1751941018638076,False,18.77242,98.998282
896482c695bffff,1,2023,2.43,1.825,2.81,2.05,0,14,320.75,0.6822399,0.5061646,754.41626,-0.3740824700929782,0.0217640325427055,0.1935493361596565,False,18.799855,98.974187
89648288643ffff,2,2023,2.43,1.825,2.81,2.05,0,14,296.58823,1.077908,0.72029257,1751.531,-0.4311978409627396,0.2234848439693451,0.2019816312072634,False,18.703011,99.009775
896482891b3ffff,1,2023,2.43,1.825,2.81,2.05,0,14,300.73334,0.97746235,0.60040367,338.66116,-0.4637653945243398,-0.020380126312375,0.118631709855123,False,18.725614,98.990699
89648289547ffff,1,2023,2.43,1.825,2.81,2.05,0,14,296.25,0.62677586,0.67013085,1697.7368,-0.3508763719179767,0.0220463536679744,0.1680070922739614,False,18.724804,99.013083
8964828910fffff,2,2023,2.43,1.825,2.81,2.05,0,14,302.22223,0.63966817,2.3871481,164.99313,-0.3611451225365985,0.0201846435666084,0.1272432049608227,False,18.73772,98.991099
8964828b34fffff,1,2023,2.43,1.825,2.81,2.05,0,14,297.2353,1.0446439,0.4490553,3696.0464,-0.4922423310301143,0.0300200134515762,0.1549615507650349,False,18.711079,99.03159
8964828b3dbffff,1,2023,2.43,1.825,2.81,2.05,0,14,299.33334,0.8432034,0.020068668,3803.0002,-0.4016623880560786,-0.0237515233457088,0.1438231031524833,False,18.70139,99.04161
8964828966fffff,1,2023,2.43,1.825,2.81,2.05,0,14,300.29413,1.0395905,0.813094,2527.7532,-0.3450426297268575,0.0705520138144493,0.1509451203132464,False,18.757079,99.035704
896482888d7ffff,1,2023,2.43,1.825,2.81,2.05,0,14,311.7647,0.78471786,0.4847416,464.2217,,,,,,
89648289133ffff,1,2023,2.43,1.825,2.81,2.05,0,14,304.4,1.7227687,0.0,676.183,-0.4166475883300451,0.0162660144269466,0.1591917923911266,False,18.733685,98.986656
896482896abffff,6,2023,2.43,1.825,2.81,2.05,0,14,300.6,0.88608766,0.05187675,2961.3584,-0.2311062488064319,0.1170358583331108,0.2264105026900619,False,18.742553,99.037807
89648289e8fffff,1,2023,2.43,1.825,2.81,2.05,0,14,302.875,1.0029776,0.5644925,432.1304,-0.2648743586104869,0.0851966887712478,0.1259729822447924,False,18.746598,98.9776
89648289d0fffff,1,2023,2.43,1.825,2.81,2.05,0,14,312.75,0.99429834,0.127089,984.3649,-0.422063593577155,0.0233144294470548,0.1437749631496003,False,18.726418,98.942453
89648289a7bffff,2,2023,2.43,1.825,2.81,2.05,0,14,323.0625,1.134766,0.866845,2196.7412,-0.4050330931869156,0.2584428191184997,0.2053467474715377,False,18.77807,98.957948
896482880cbffff,2,2023,2.43,1.825,2.81,2.05,0,14,297.3125,0.9827564,0.46677446,551.46375,,,,,,
896482898d7ffff,1,2023,2.43,1.825,2.81,2.05,0,14,310.0,0.94703305,0.4135051,1106.9766,-0.1726423091264416,0.0560696795582771,0.12151174655708,False,18.742563,98.960226
89648288177ffff,1,2023,2.43,1.825,2.81,2.05,0,14,302.70587,0.9249002,0.30103,3237.3066,,,,,,
896482c6dc3ffff,1,2023,2.43,1.825,2.81,2.05,0,14,305.73334,0.56815374,0.810446,1101.3202,-0.3354399636315027,-0.0035981184337288,0.1470466263313516,False,18.774034,98.992301
89648288153ffff,2,2023,2.43,1.825,2.81,2.05,0,14,299.875,1.3678637,1.1064038,2369.6777,,,,,,
896482c6523ffff,1,2023,2.43,1.825,2.81,2.05,0,14,300.875,0.67015994,0.3340471,1849.1956,-0.3051348212844236,0.0874549597501754,0.1822605867827288,False,18.769989,99.039581
896482c6b0bffff,1,2023,2.43,1.825,2.81,2.05,0,14,318.75,1.1724513,0.30103,849.02026,-0.4550834945242545,0.0049006822519004,0.1578577379187655,False,18.817604,98.973049
896482892dbffff,1,2023,2.43,1.825,2.81,2.05,0,14,301.66666,0.7939157,0.05187675,2240.1716,-0.3285462846701587,0.0426302142441272,0.203849486381201,False,18.763534,99.037642
89648288e63ffff,1,2023,2.43,1.825,2.81,2.05,0,14,314.26666,0.6935152,0.0,2039.6509,-0.4338261283262984,0.1273364424705505,0.2159184179260058,False,18.709465,98.934137
89648289d1bffff,2,2023,2.43,1.825,2.81,2.05,0,14,310.4375,0.74643993,0.32802087,1037.7015,-0.3982900946726203,0.0139435492455959,0.1831883476715737,False,18.724805,98.948434
896482c45bbffff,1,2023,2.43,1.825,2.81,2.05,0,14,307.3125,1.183378,1.6127839,1482.4963,-0.4613322219180346,0.0036624579224735,0.2139553780605952,False,18.81921,99.0188
896482c6a87ffff,1,2023,2.43,1.825,2.81,2.05,0,14,308.375,0.6832101,0.28105637,298.69717,-0.1976851551259025,0.119473360478878,0.141031847401556,False,18.811147,98.996978
8964828950fffff,1,2023,2.43,1.825,2.81,2.05,0,14,297.0,0.7791491,0.43029568,1195.1694,-0.3452859019097319,0.0520315766334533,0.2060632952749586,False,18.720769,99.00864
896482896b7ffff,1,2023,2.43,1.825,2.81,2.05,0,14,299.0,0.8062292,0.029820079,3290.0093,-0.3689137619919209,0.1511342227458953,0.2195061847250993,False,18.736097,99.035868
8964828901bffff,1,2023,2.43,1.825,2.81,2.05,0,14,301.86667,0.84047955,0.5348598,1876.177,-0.3853327873398383,-0.0266514457762241,0.1329461877671777,False,18.741751,99.021403
89648289c6fffff,1,2023,2.43,1.825,2.81,2.05,0,14,305.52942,1.2174677,0.18743479,982.10077,-0.4528829568951842,0.0385275073349475,0.2173816857103523,False,18.740142,98.962732
896482896a7ffff,1,2023,2.43,1.825,2.81,2.05,0,14,299.9375,0.9309143,0.17892048,3004.4219,-0.3621848268018151,0.1821715682744979,0.2231280438506346,False,18.738519,99.033363
896482c4c0bffff,1,2023,2.43,1.825,2.81,2.05,0,14,310.9375,1.2922143,1.6319518,611.26294,-0.4278517213801902,0.0250201784074306,0.177324370616409,False,18.84019,98.979832
89648289a73ffff,1,2023,2.43,1.825,2.81,2.05,0,14,320.75,0.64143205,0.47536764,2001.3457,-0.6497826309360163,0.1942787021398544,0.1037021019258298,False,18.774842,98.95698
896482886cfffff,1,2023,2.43,1.825,2.81,2.05,0,14,296.05884,0.77766234,0.60807794,1828.1416,,,,,,
896482c6a17ffff,1,2023,2.43,1.825,2.81,2.05,0,14,310.375,1.1010121,1.3077334,257.45004,-0.3081799624074093,0.0675805807113647,0.1717251369891713,False,18.816795,98.99544
89648289367ffff,1,2023,2.43,1.825,2.81,2.05,0,14,305.4375,1.1626709,0.10012875,1236.9907,-0.3804708747731847,0.026469949632883,0.2044907809595248,False,18.765158,98.992869
896482891bbffff,1,2023,2.43,1.825,2.81,2.05,0,14,302.2,0.96719635,2.1014037,221.29027,-0.4369796756795138,-0.090090163052082,0.1432454686755083,False,18.728842,98.991667
896482c6d2fffff,1,2023,2.43,1.825,2.81,2.05,0,14,310.25,1.121059,0.429798,1877.7893,-0.3381212961229997,-0.0664157345890998,0.1070335647963523,False,18.77807,98.970881
896482896d7ffff,1,2023,2.43,1.825,2.81,2.05,0,14,299.46667,1.0065588,0.060206,1625.6132,-0.3373622286809626,-0.0180547460913658,0.1551198734330066,False,18.742548,99.050736
89648288233ffff,1,2023,2.43,1.825,2.81,2.05,0,14,299.25,1.1468894,0.349485,814.8229,-0.4141492959676856,0.0082457112148404,0.1253344087082025,False,18.711086,98.979875
896482888d3ffff,2,2023,2.43,1.825,2.81,2.05,0,14,310.8125,0.87680405,0.11288625,824.76715,,,,,,
89648289c17ffff,1,2023,2.43,1.825,2.81,2.05,0,14,303.125,1.0268239,1.9669765,109.19024,-0.483685105786128,0.2461747378110885,0.1765037661064862,False,18.726421,98.968313
89648289c43ffff,1,2023,2.43,1.825,2.81,2.05,0,14,301.4,0.798912,0.28778166,1048.3118,-0.3361517270574977,0.0449658669531345,0.1486447282909369,False,18.736914,98.974694
8964828964bffff,1,2023,2.43,1.825,2.81,2.05,0,14,304.1875,1.2330503,0.056443125,1324.7362,-0.2798117869980434,0.0570530295372009,0.1653559655704085,False,18.757075,99.048633
896482c4acbffff,1,2023,2.43,1.825,2.81,2.05,0,14,313.5625,1.4114776,0.5193617,1303.6084,-0.481341126086091,0.0131535306572914,0.1995434804825521,False,18.878904,98.978525
89648288e13ffff,1,2023,2.43,1.825,2.81,2.05,0,14,307.66666,0.9956291,0.17160209,2400.3147,,,,,,
8964828b27bffff,2,2023,2.43,1.825,2.81,2.05,0,14,298.77777,0.9824536,0.0,2315.3484,-0.4928802216034861,0.0748421996831893,0.1892489220346403,False,18.715915,99.052436
89648288adbffff,3,2023,2.43,1.825,2.81,2.05,0,14,316.52942,0.76977026,0.15936883,2034.5887,-0.4729913171256155,0.0189064890146255,0.1837234300754751,False,18.718345,98.933567
89648288147ffff,1,2023,2.43,1.825,2.81,2.05,0,14,302.3125,0.7958463,0.2331537,3013.9536,,,,,,
89648288397ffff,3,2023,2.43,1.825,2.81,2.05,0,14,298.6,0.6345356,0.3525918,2143.2266,,,,,,
8964828814bffff,1,2023,2.43,1.825,2.81,2.05,0,14,299.5,0.6880356,0.679924,2506.1394,,,,,,
896482883cfffff,1,2023,2.43,1.825,2.81,2.05,0,14,298.1875,1.0482159,0.6027158,1656.8643,-0.5451714209266886,-0.1125039607286453,0.1136603174470741,False,18.708664,98.969451
89648288e5bffff,1,2023,2.43,1.825,2.81,2.05,0,14,310.26666,0.5094336,0.0,2544.315,-0.429584405083066,0.0390295349061489,0.1731342474840436,False,18.709468,98.947067
89648288363ffff,1,2023,2.43,1.825,2.81,2.05,0,14,305.13333,0.8665667,0.89856327,1442.9612,-0.4339688445920958,-0.0267076808959245,0.1439508665227097,False,18.71512,98.958459
89648289dc7ffff,1,2023,2.43,1.825,2.81,2.05,0,14,308.1875,0.6198935,0.57082534,1096.2676,-0.3705956521681178,0.0418067835271358,0.2156411795334825,False,18.722384,98.95094
89648289c83ffff,1,2023,2.43,1.825,2.81,2.05,0,14,301.29413,0.6858945,0.53122944,387.4558,-0.5021006786653593,0.040493544191122,0.1604331675725181,False,18.721579,98.973326
896482c4a73ffff,1,2023,2.43,1.825,2.81,2.05,0,14,318.53333,1.361414,0.71414274,1719.6743,-0.5679363364130168,-0.1127227917313575,0.1278482035375635,False,18.882131,98.966557
896482c6e53ffff,1,2023,2.43,1.825,2.81,2.05,0,14,309.0625,0.79071283,0.32802087,2173.2825,-0.3430713941925304,0.0528350509703159,0.2244888970861351,False,18.807915,99.021874
896482d4b07ffff,1,2023,2.43,1.825,2.81,2.05,0,14,299.5625,0.8279733,2.4386637,174.69157,-0.3877020324563149,0.0330261141061782,0.1769168181944602,False,18.75142,99.063099
8964828944fffff,1,2023,2.43,1.825,2.81,2.05,0,14,299.06668,0.76268345,0.15904042,3212.8035,-0.3983454983056892,0.073413036763668,0.2094369149800712,False,18.733675,99.038374
896482c6c57ffff,1,2023,2.43,1.825,2.81,2.05,0,14,308.25,0.8168506,3.6547031,120.088875,-0.344991215996084,0.0576960816979408,0.2014576735142497,False,18.78452,99.011614
896482c6cbbffff,1,2023,2.43,1.825,2.81,2.05,0,14,307.2,1.1804919,1.9598423,114.16926,-0.3848302637536824,0.0314672067761421,0.2105177932292481,False,18.774032,99.005232
896482896cbffff,1,2023,2.43,1.825,2.81,2.05,0,14,301.64706,0.7625176,0.60145414,1288.955,-0.3607643447226257,0.0358030088245868,0.1825736835717059,False,18.749003,99.052675
896482892afffff,1,2023,2.43,1.825,2.81,2.05,0,14,302.9375,0.7455877,1.0372779,559.2699,-0.3227439217134059,0.0004027730901725,0.1688781750055571,False,18.758699,99.016793
8964828b23bffff,2,2023,2.43,1.825,2.81,2.05,0,14,296.875,1.0037048,0.34824985,3144.9592,-0.3075863573101471,0.0675601437687873,0.1774398780371999,False,18.708652,99.047023
896482c69cbffff,4,2024,5.3,4.247142857142857,5.21,5.98,9,14,321.3125,2.752913,0.18814376,1382.9111,-0.3448070074938507,0.1222748830914497,0.1954220726613019,False,18.794207,98.975725
896482c6eafffff,1,2024,5.3,4.247142857142857,5.21,5.98,9,14,311.0,1.0862607,0.0,384.26917,-0.4114286597227247,-0.0024603500496596,0.1743679693684093,False,18.798238,99.006034
89648289adbffff,2,2024,5.3,4.247142857142857,5.21,5.98,9,14,307.26666,1.201419,0.30119476,949.1076,-0.4168795931742415,0.1293772161006927,0.2073350761419516,False,18.769194,98.97145
89648289e63ffff,3,2024,5.3,4.247142857142857,5.21,5.98,9,14,305.25,0.9193624,1.8743277,76.42556,-0.2283993957415027,0.0359234511852264,0.191297732939548,False,18.760318,98.972019
89648289ac3ffff,4,2024,5.3,4.247142857142857,5.21,5.98,9,14,307.25,1.6099303,1.0880075,869.5529,-0.1038583710580942,0.0815041586756706,0.1044636805958352,False,18.768387,98.967975
896482898d3ffff,1,2024,5.3,4.247142857142857,5.21,5.98,9,14,306.33334,1.1864195,0.74470353,1148.119,-0.3115617702956568,0.0274880342185497,0.1853442854108936,False,18.74337,98.963701
896482c6ea3ffff,1,2024,5.3,4.247142857142857,5.21,5.98,9,14,309.25,1.1111027,0.16471773,602.04456,-0.4134814464962013,0.3586753010749817,0.1843910803466664,False,18.795817,99.00854
896482c63b7ffff,2,2024,5.3,4.247142857142857,5.21,5.98,9,14,305.86667,1.3456845,0.0,2679.54,-0.4039187891869806,0.0541398897767066,0.2088007367535403,False,18.79823,99.031898
89648289253ffff,2,2024,5.3,4.247142857142857,5.21,5.98,9,14,304.82352,1.2776438,0.0,2502.757,-0.2347230200999069,0.0879911854863166,0.2229093723980507,False,18.768377,99.032631
896482c6107ffff,3,2024,5.3,4.247142857142857,5.21,5.98,9,14,308.13333,1.1493332,0.60206,1875.9331,-0.2311607823807948,0.1067572981119155,0.2589479558537708,False,18.785323,99.028021
896482c684bffff,1,2024,5.3,4.247142857142857,5.21,5.98,9,14,307.625,0.76645744,2.7177687,63.62564,-0.2314321453468202,0.0603964962065219,0.1608040259606964,False,18.807921,98.996009
8964828914bffff,4,2024,5.3,4.247142857142857,5.21,5.98,9,14,300.7647,1.0277618,2.1470585,251.76549,-0.3380133723375991,0.0594766065478324,0.1918022950412554,False,18.74579,98.999986
896482c68b3ffff,1,2024,5.3,4.247142857142857,5.21,5.98,9,14,314.66666,0.65745825,0.14048068,1790.9224,-0.3236920518993632,0.0080459769815206,0.1385853815362626,False,18.787752,98.986719
89648289a53ffff,1,2024,5.3,4.247142857142857,5.21,5.98,9,14,309.8,1.376182,0.72082263,1492.3003,-0.3272988520196919,0.0643831267952919,0.1623457485834276,False,18.774036,98.966437
896482c6853ffff,2,2024,5.3,4.247142857142857,5.21,5.98,9,14,310.125,1.2494912,1.0791812,342.8675,-0.3340634125732578,0.0167861934751272,0.1644263565427556,False,18.802273,98.997546
89648289493ffff,9,2024,5.3,4.247142857142857,5.21,5.98,9,14,299.17648,0.75622284,0.0,3476.2644,-0.2159708261686932,0.0509331338107585,0.201085491769685,False,18.713497,99.042013
8964828b223ffff,1,2024,5.3,4.247142857142857,5.21,5.98,9,14,298.88235,0.9395254,0.0,3543.8928,-0.3716552364774517,0.044203296303749,0.1625301276132963,False,18.707846,99.043549
8964828b2a3ffff,1,2024,5.3,4.247142857142857,5.21,5.98,9,14,297.17648,1.2268875,0.10624588,3175.747,-0.326119117247209,0.0657578185200691,0.1526819037435605,False,18.699773,99.04759
896482c6cafffff,1,2024,5.3,4.247142857142857,5.21,5.98,9,14,307.875,1.097946,0.28114182,422.7651,-0.2555035864260178,0.1712960004806518,0.1588271625508509,False,18.775647,98.999251
896482896a7ffff,2,2024,5.3,4.247142857142857,5.21,5.98,9,14,299.9375,0.9309143,0.17892048,3004.4219,-0.3621848268018151,0.1821715682744979,0.2231280438506346,False,18.738519,99.033363
896482c612bffff,1,2024,5.3,4.247142857142857,5.21,5.98,9,14,307.75,0.5949406,0.029820079,1437.1924,-0.2979134966543658,0.0565118044614791,0.1575844616561941,False,18.790165,99.023009
896482c6837ffff,3,2024,5.3,4.247142857142857,5.21,5.98,9,14,317.3125,1.072643,0.20695813,1410.0105,-0.2775103190026455,0.0459652692079544,0.1732880471638384,False,18.795014,98.9792
896482c6e27ffff,1,2024,5.3,4.247142857142857,5.21,5.98,9,14,309.0,0.45530474,4.2836185,70.37339,-0.3308090648971207,0.0524881854653358,0.1752335277416538,False,18.803079,99.001022
896482c694bffff,2,2024,5.3,4.247142857142857,5.21,5.98,9,14,322.0625,2.3668287,0.97470045,480.33118,-0.4586587467492145,0.0044350107200443,0.2001562152836761,False,18.802276,98.97168
896482c6aa3ffff,1,2024,5.3,4.247142857142857,5.21,5.98,9,14,310.75,1.3968486,1.6863201,258.9013,-0.2373546148176052,0.0313540808856487,0.1734587098143216,False,18.812762,98.990996
896482c61bbffff,1,2024,5.3,4.247142857142857,5.21,5.98,9,14,306.73334,0.91171116,0.180618,2054.2463,-0.2216624115253662,0.1126860380172729,0.1734233788004997,False,18.779675,99.029558
896482c6903ffff,1,2024,5.3,4.247142857142857,5.21,5.98,9,14,323.3125,1.3105081,0.47998112,1615.7081,-0.5020094448027601,0.0422850362956523,0.1830719818018537,False,18.791787,98.965298
896482c656bffff,1,2024,5.3,4.247142857142857,5.21,5.98,9,14,305.41177,0.8184462,0.25994295,1372.4287,-0.427665900217297,-0.0905797109007835,0.1553533967511718,False,18.780475,99.045964
896482c614fffff,1,2024,5.3,4.247142857142857,5.21,5.98,9,14,307.9375,1.6249738,0.43451306,2790.325,-0.48329662248656,-0.0285173393785953,0.165249495785539,False,18.795809,99.034404
896482c6193ffff,1,2024,5.3,4.247142857142857,5.21,5.98,9,14,302.8125,0.87164634,0.20234649,2022.5441,-0.5948533934951019,-0.0194835048168897,0.1287479302730616,False,18.775637,99.038044
896482c6177ffff,1,2024,5.3,4.247142857142857,5.21,5.98,9,14,307.4375,0.69809973,0.30103,1817.2515,-0.3060802949200244,0.0458860769867897,0.1766975693705713,False,18.790971,99.026485
896482c6eabffff,1,2024,5.3,4.247142857142857,5.21,5.98,9,14,311.375,1.2132108,0.23677821,764.17004,-0.4059787710790374,-0.0105559481307864,0.163400535804056,False,18.799044,99.00951
896482886cbffff,1,2024,5.3,4.247142857142857,5.21,5.98,9,14,294.3125,0.799774,0.47712126,2036.6239,-0.2855220609147466,0.05160503834486,0.1698012378439516,False,18.698167,99.014786
896482d4b37ffff,1,2024,5.3,4.247142857142857,5.21,5.98,9,14,300.26666,0.8306442,0.6250204,920.0458,-0.4314061399709756,0.0373220480978488,0.2341019689836095,False,18.749809,99.056149
896482c654fffff,1,2024,5.3,4.247142857142857,5.21,5.98,9,14,304.9375,0.78348553,0.451545,766.1194,-0.3741265978631604,0.0365074537694454,0.1788702521102741,False,18.778859,99.051944
896482c6b87ffff,3,2024,5.3,4.247142857142857,5.21,5.98,9,14,321.3125,1.3470258,1.9475161,129.08945,-0.1862373648066436,0.0401985757052898,0.1455734242177442,False,18.805503,98.972649
896482c6827ffff,2,2024,5.3,4.247142857142857,5.21,5.98,9,14,324.0,2.807057,0.0,1065.7986,-0.3680776834910805,0.3069705069065094,0.1770438652969229,False,18.797435,98.976693
89648288e7bffff,4,2024,5.3,4.247142857142857,5.21,5.98,9,14,313.41177,1.0843431,0.15936883,2402.6973,-0.4086102042638408,0.1231300309300422,0.2593189702378625,False,18.710274,98.937611
89648289e6bffff,1,2024,5.3,4.247142857142857,5.21,5.98,9,14,305.46667,0.89980614,1.2692873,337.72464,-0.3003589700849611,0.0427967794239521,0.1704708412072941,False,18.763545,98.972987
89648289ad3ffff,1,2024,5.3,4.247142857142857,5.21,5.98,9,14,306.46667,1.0258933,0.87420285,599.74835,-0.3853962928461688,-0.0302958507090806,0.190748280353521,False,18.765966,98.970481
896482c6587ffff,1,2024,5.3,4.247142857142857,5.21,5.98,9,14,303.94116,0.83502024,0.123953536,1202.8091,-0.4070814503819512,0.0931297689676284,0.1841404700439597,False,18.760302,99.049603
896482892cbffff,2,2024,5.3,4.247142857142857,5.21,5.98,9,14,302.0,0.7806094,0.0,2401.8762,-0.3337657455871179,0.057951170951128,0.1900542202974464,False,18.765956,99.035136
896482c6537ffff,3,2024,5.3,4.247142857142857,5.21,5.98,9,14,301.125,0.6552519,0.13170063,2030.2229,-0.2631237859520344,0.0753739699721336,0.1889597522897197,False,18.766761,99.038611
896482c695bffff,1,2024,5.3,4.247142857142857,5.21,5.98,9,14,320.75,0.6822399,0.5061646,754.41626,-0.3740824700929782,0.0217640325427055,0.1935493361596565,False,18.799855,98.974187
896482c6973ffff,5,2024,5.3,4.247142857142857,5.21,5.98,9,14,325.25,1.0271277,1.0388056,995.3666,-0.3110564584080375,0.0724484398961067,0.1872503121067017,False,18.797435,98.96376
89648289283ffff,1,2024,5.3,4.247142857142857,5.21,5.98,9,14,299.93332,0.79794157,1.0959427,1793.1877,-0.3634141560526255,0.0759461298584938,0.1663686423836223,False,18.755468,99.028754
896482c682fffff,1,2024,5.3,4.247142857142857,5.21,5.98,9,14,317.8125,1.0113338,0.24458688,797.4356,-0.2868028911379207,0.0404384285211563,0.1623744289458851,False,18.800662,98.977662
896482c691bffff,1,2024,5.3,4.247142857142857,5.21,5.98,9,14,321.4375,0.69360125,0.1875,1517.4517,-0.4483236495776632,-0.0041147032752633,0.1688991960892311,False,18.792594,98.968774
896482c694fffff,2,2024,5.3,4.247142857142857,5.21,5.98,9,14,322.64706,0.91995084,0.0,549.6849,-0.3160988598463747,0.1203852295875549,0.2082081004963615,False,18.801469,98.968205
896482c6a27ffff,2,2024,5.3,4.247142857142857,5.21,5.98,9,14,315.26666,1.3490533,0.240824,508.10233,-0.3193560946489214,0.0476569086313247,0.1908431747771174,False,18.820023,98.983476
896482c610fffff,1,2024,5.3,4.247142857142857,5.21,5.98,9,14,306.47058,0.6697195,0.25826538,2025.0302,-0.4411258834001436,0.0236782357096672,0.2174271878208757,False,18.78855,99.02899
896482c6e57ffff,7,2024,5.3,4.247142857142857,5.21,5.98,9,14,308.82352,0.9244048,0.0,1783.7646,-0.2001437045184233,0.1357167661190033,0.2091541977807795,False,18.807109,99.018399
896482894d7ffff,3,2024,5.3,4.247142857142857,5.21,5.98,9,14,297.375,0.65539575,0.84807044,3103.4773,-0.2360972611060909,0.1812500059604644,0.2235824781144729,False,18.719953,99.043951
896482c6da7ffff,2,2024,5.3,4.247142857142857,5.21,5.98,9,14,304.5625,0.902669,0.52234864,682.3579,-0.1947573743510553,0.0577329732477664,0.1697592875512591,False,18.766773,98.973956
89648289183ffff,2,2024,5.3,4.247142857142857,5.21,5.98,9,14,299.70587,0.8169622,0.47712123,312.458,-0.4241941163578714,0.0167641323059797,0.1707897031248013,False,18.727228,98.997648
896482c63a7ffff,4,2024,5.3,4.247142857142857,5.21,5.98,9,14,305.0625,1.5425546,0.76505655,2603.3643,-0.2595693060256139,0.0888174101710319,0.239870481614634,False,18.800652,99.029392
896482c6a87ffff,1,2024,5.3,4.247142857142857,5.21,5.98,9,14,308.375,0.6832101,0.28105637,298.69717,-0.1976851551259025,0.119473360478878,0.141031847401556,False,18.811147,98.996978
896482c6ecfffff,2,2024,5.3,4.247142857142857,5.21,5.98,9,14,306.875,1.1655928,0.39368728,2022.3734,-0.3526412873911684,0.1181818172335624,0.2312605923321637,False,18.804688,99.020905
89648289447ffff,3,2024,5.3,4.247142857142857,5.21,5.98,9,14,298.8125,0.73706865,0.2317391,3409.416,-0.2849505822259767,0.0706885084509849,0.2141387923692466,False,18.730448,99.037405
896482c6bb7ffff,2,2024,5.3,4.247142857142857,5.21,5.98,9,14,324.5,1.1538868,0.6458362,283.83075,-0.4068921870116983,0.0823529437184333,0.2201187387508833,False,18.803889,98.965698
896482c6d2fffff,4,2024,5.3,4.247142857142857,5.21,5.98,9,14,310.25,1.121059,0.429798,1877.7893,-0.3381212961229997,-0.0664157345890998,0.1070335647963523,False,18.77807,98.970881
8964828813bffff,1,2024,5.3,4.247142857142857,5.21,5.98,9,14,303.5,1.110247,0.34505284,3018.1516,,,,,,
896482c687bffff,1,2024,5.3,4.247142857142857,5.21,5.98,9,14,314.8,1.1504265,0.0,628.1498,-0.3075460635636343,0.034729316830635,0.1667902981152889,False,18.806308,98.989058
8964828933bffff,1,2024,5.3,4.247142857142857,5.21,5.98,9,14,304.625,0.48970655,0.0,773.2439,-0.3411327521020615,-0.0100998524576425,0.1402195740336765,False,18.759509,98.994406
89648289e9bffff,2,2024,5.3,4.247142857142857,5.21,5.98,9,14,301.8,0.8491842,1.2107148,74.040245,-0.3132603796714501,0.0997789278626442,0.2001894366881565,False,18.744984,98.983581
896482898d7ffff,1,2024,5.3,4.247142857142857,5.21,5.98,9,14,310.0,0.94703305,0.4135051,1106.9766,-0.1726423091264416,0.0560696795582771,0.12151174655708,False,18.742563,98.960226
89648289acbffff,2,2024,5.3,4.247142857142857,5.21,5.98,9,14,308.0,1.1037979,1.0838162,1211.7479,-0.2869387992347428,0.0855250060558319,0.1973073102893557,False,18.771615,98.968943
89648289193ffff,1,2024,5.3,4.247142857142857,5.21,5.98,9,14,300.0625,0.7662943,1.024663,348.46497,-0.4844866928227471,0.0833290070295333,0.1694220841452905,False,18.724806,99.000154
896482c6c03ffff,1,2024,5.3,4.247142857142857,5.21,5.98,9,14,308.35294,0.92579395,1.3229928,174.11084,-0.3894775413533155,-0.010560804978013,0.1925225227437994,False,18.780487,99.00717
896482c6bb3ffff,1,2024,5.3,4.247142857142857,5.21,5.98,9,14,322.75,1.2967794,1.1114157,218.33093,-0.320827378431247,0.0903110057115554,0.1778499278362143,False,18.804696,98.969173
89648289107ffff,1,2024,5.3,4.247142857142857,5.21,5.98,9,14,304.93332,1.1819738,0.0,384.91666,-0.3790517128323503,-0.0156692825257778,0.128953687659469,False,18.734492,98.99013
89648288643ffff,2,2024,5.3,4.247142857142857,5.21,5.98,9,14,296.58823,1.077908,0.72029257,1751.531,-0.4311978409627396,0.2234848439693451,0.2019816312072634,False,18.703011,99.009775
89648289a87ffff,1,2024,5.3,4.247142857142857,5.21,5.98,9,14,310.33334,0.73366946,0.8052658,705.4096,-0.3706191746585379,0.0387894064188003,0.1597851328294701,False,18.760317,98.959087
896482c6ed7ffff,1,2024,5.3,4.247142857142857,5.21,5.98,9,14,307.3125,1.0702735,1.2240379,1934.2375,-0.2078646452702928,0.0842572078108787,0.2318364682029598,False,18.79904,99.022442
896482896abffff,8,2024,5.3,4.247142857142857,5.21,5.98,9,14,300.6,0.88608766,0.05187675,2961.3584,-0.2311062488064319,0.1170358583331108,0.2264105026900619,False,18.742553,99.037807
89648289d33ffff,1,2024,5.3,4.247142857142857,5.21,5.98,9,14,315.875,0.81590104,0.0752575,1528.3591,-0.431962372403859,-0.0370044037699699,0.1620029467931217,False,18.722381,98.93801
896482880cbffff,1,2024,5.3,4.247142857142857,5.21,5.98,9,14,297.3125,0.9827564,0.46677446,551.46375,,,,,,
8964828989bffff,1,2024,5.3,4.247142857142857,5.21,5.98,9,14,309.73334,1.1369975,0.0,809.9526,-0.3636657826032825,0.0449876002967357,0.1997171409781694,False,18.739334,98.959257
89648288153ffff,2,2024,5.3,4.247142857142857,5.21,5.98,9,14,299.875,1.3678637,1.1064038,2369.6777,,,,,,
89648288e63ffff,1,2024,5.3,4.247142857142857,5.21,5.98,9,14,314.26666,0.6935152,0.0,2039.6509,-0.4338261283262984,0.1273364424705505,0.2159184179260058,False,18.709465,98.934137
89648289803ffff,1,2024,5.3,4.247142857142857,5.21,5.98,9,14,313.8125,0.73194325,0.24458688,1201.2965,-0.3354463046353203,0.0165073852986097,0.1547058477624949,False,18.746597,98.951738
896482c6c2bffff,1,2024,5.3,4.247142857142857,5.21,5.98,9,14,310.29413,1.4885278,0.19478412,927.4544,-0.2052486235338523,0.106147713959217,0.1391639641879744,False,18.784523,98.998683
89648289dc7ffff,1,2024,5.3,4.247142857142857,5.21,5.98,9,14,308.1875,0.6198935,0.57082534,1096.2676,-0.3705956521681178,0.0418067835271358,0.2156411795334825,False,18.722384,98.95094
89648289dd3ffff,1,2024,5.3,4.247142857142857,5.21,5.98,9,14,306.2,0.7188215,0.6102305,1031.1882,-0.3274751792108684,-0.0055130957625806,0.1479615073854557,False,18.72077,98.956921
896482c6d2bffff,1,2024,5.3,4.247142857142857,5.21,5.98,9,14,308.375,0.7998409,0.189589,1976.0405,-0.5131167758359244,-0.0962796732783317,0.1374847188015374,False,18.778877,98.974356
896482c6c6fffff,1,2024,5.3,4.247142857142857,5.21,5.98,9,14,311.9375,1.4082078,1.56122,296.0309,-0.1588779291674433,0.0242066085338592,0.1222406833996004,False,18.790977,99.000621
896482883b3ffff,3,2024,5.3,4.247142857142857,5.21,5.98,9,14,300.82352,0.7083187,0.5937094,2800.6387,,,,,,
89648288ed7ffff,1,2024,5.3,4.247142857142857,5.21,5.98,9,14,305.58823,0.5065735,0.6726309,3052.4395,,,,,,
8964828814fffff,1,2024,5.3,4.247142857142857,5.21,5.98,9,14,300.75,1.2175999,0.7437483,2910.1843,,,,,,
896482c6d67ffff,1,2024,5.3,4.247142857142857,5.21,5.98,9,14,309.875,1.3104997,0.73668796,2331.2212,-0.4551450008541582,0.1067868545651435,0.1851860600618939,False,18.782105,98.975325
896482c698bffff,1,2024,5.3,4.247142857142857,5.21,5.98,9,14,315.875,1.0061122,0.5207938,2128.834,-0.2672406656623636,0.0290377624332904,0.1578642634071734,False,18.786946,98.970312
896482c6e6bffff,1,2024,5.3,4.247142857142857,5.21,5.98,9,14,309.2,0.6958054,0.0,1265.5364,-0.2907799404965364,0.0628764554858207,0.2190880804986498,False,18.814371,99.01088
896482c4c4bffff,2,2024,5.3,4.247142857142857,5.21,5.98,9,14,311.1875,1.0259038,4.4890156,87.32147,-0.4663539624166313,0.0209839679300785,0.1957091179941712,False,18.847449,98.985246
896482c6d87ffff,1,2024,5.3,4.247142857142857,5.21,5.98,9,14,304.6,0.79940593,0.1957676,887.3331,-0.3298275215431387,0.0232710633426904,0.1900522542609147,False,18.765966,98.983413
896482c6d6fffff,1,2024,5.3,4.247142857142857,5.21,5.98,9,14,311.13333,1.1446987,0.4700496,2304.1233,-0.4306354423303399,0.1025903224945068,0.1705061508993453,False,18.785332,98.976294
896482896d7ffff,1,2024,5.3,4.247142857142857,5.21,5.98,9,14,299.46667,1.0065588,0.060206,1625.6132,-0.3373622286809626,-0.0180547460913658,0.1551198734330066,False,18.742548,99.050736
896482888d3ffff,2,2024,5.3,4.247142857142857,5.21,5.98,9,14,310.8125,0.87680405,0.11288625,824.76715,,,,,,
89648289c6bffff,2,2024,5.3,4.247142857142857,5.21,5.98,9,14,304.0,0.92883974,0.5207763,1216.5713,-0.3510062411814219,0.0657673478126525,0.2111640329666421,False,18.740949,98.966207
8964828964bffff,1,2024,5.3,4.247142857142857,5.21,5.98,9,14,304.1875,1.2330503,0.056443125,1324.7362,-0.2798117869980434,0.0570530295372009,0.1653559655704085,False,18.757075,99.048633
8964828b27bffff,2,2024,5.3,4.247142857142857,5.21,5.98,9,14,298.77777,0.9824536,0.0,2315.3484,-0.4928802216034861,0.0748421996831893,0.1892489220346403,False,18.715915,99.052436
89648288adbffff,2,2024,5.3,4.247142857142857,5.21,5.98,9,14,316.52942,0.76977026,0.15936883,2034.5887,-0.4729913171256155,0.0189064890146255,0.1837234300754751,False,18.718345,98.933567
89648288147ffff,2,2024,5.3,4.247142857142857,5.21,5.98,9,14,302.3125,0.7958463,0.2331537,3013.9536,,,,,,
8964828834fffff,2,2024,5.3,4.247142857142857,5.21,5.98,9,14,302.9375,0.9385614,0.5185536,1146.5278,-0.4511863555817629,-0.0624963082373142,0.1808934082795266,False,18.716735,98.965408
8964828815bffff,1,2024,5.3,4.247142857142857,5.21,5.98,9,14,301.5,0.7933068,0.17021598,2244.0752,,,,,,
89648289d8fffff,1,2024,5.3,4.247142857142857,5.21,5.98,9,14,310.94116,0.79964596,0.10624588,1716.755,-0.513764883397205,-0.0082905646413564,0.1673102157756776,False,18.718347,98.946497
896482892c3ffff,1,2024,5.3,4.247142857142857,5.21,5.98,9,14,302.41177,0.7549259,0.17077,2443.919,-0.3735057978243442,0.050379205495119,0.1567797190676675,False,18.762728,99.034167
896482c61c3ffff,1,2024,5.3,4.247142857142857,5.21,5.98,9,14,304.26666,0.81271464,0.0,2145.941,-0.3256027375284972,0.0458913967013359,0.1884808775340415,False,18.785318,99.040952
896482883a7ffff,1,2024,5.3,4.247142857142857,5.21,5.98,9,14,303.26666,1.0001848,0.9449155,3259.9814,,,,,,
89648288eb7ffff,1,2024,5.3,4.247142857142857,5.21,5.98,9,14,308.125,0.7941063,0.18814376,1468.9517,,,,,,
89648288e97ffff,1,2024,5.3,4.247142857142857,5.21,5.98,9,14,305.5,0.70569366,0.257375,2392.498,,,,,,
896482888dbffff,1,2024,5.3,4.247142857142857,5.21,5.98,9,14,311.13333,0.68544143,0.15904042,914.36566,,,,,,
896482c4a73ffff,2,2024,5.3,4.247142857142857,5.21,5.98,9,14,318.53333,1.361414,0.71414274,1719.6743,-0.5679363364130168,-0.1127227917313575,0.1278482035375635,False,18.882131,98.966557
896482c4533ffff,1,2024,5.3,4.247142857142857,5.21,5.98,9,14,307.8125,1.1398028,0.5425213,801.6617,-0.1871829109458005,0.0930071473121643,0.1913066913795278,False,18.824051,99.013788
896482c6cbbffff,1,2024,5.3,4.247142857142857,5.21,5.98,9,14,307.2,1.1804919,1.9598423,114.16926,-0.3848302637536824,0.0314672067761421,0.2105177932292481,False,18.774032,99.005232
896482896cbffff,1,2024,5.3,4.247142857142857,5.21,5.98,9,14,301.64706,0.7625176,0.60145414,1288.955,-0.3607643447226257,0.0358030088245868,0.1825736835717059,False,18.749003,99.052675
8964828966fffff,1,2024,5.3,4.247142857142857,5.21,5.98,9,14,300.29413,1.0395905,0.813094,2527.7532,-0.3450426297268575,0.0705520138144493,0.1509451203132464,False,18.757079,99.035704
896482c4c43ffff,1,2024,5.3,4.247142857142857,5.21,5.98,9,14,308.86667,0.9305201,3.372261,139.71559,-0.3487063472884143,0.0021876809187233,0.1772522404635815,False,18.844223,98.984276
896482c69cbffff,2,2025,3.93,2.9257142857142857,3.04,3.24,4,14,321.3125,2.752913,0.18814376,1382.9111,-0.3448070074938507,0.1222748830914497,0.1954220726613019,False,18.794207,98.975725
89648289adbffff,2,2025,3.93,2.9257142857142857,3.04,3.24,4,14,307.26666,1.201419,0.30119476,949.1076,-0.4168795931742415,0.1293772161006927,0.2073350761419516,False,18.769194,98.97145
89648289e63ffff,6,2025,3.93,2.9257142857142857,3.04,3.24,4,14,305.25,0.9193624,1.8743277,76.42556,-0.2283993957415027,0.0359234511852264,0.191297732939548,False,18.760318,98.972019
896482c6ed7ffff,7,2025,3.93,2.9257142857142857,3.04,3.24,4,14,307.3125,1.0702735,1.2240379,1934.2375,-0.2078646452702928,0.0842572078108787,0.2318364682029598,False,18.79904,99.022442
89648289ac3ffff,2,2025,3.93,2.9257142857142857,3.04,3.24,4,14,307.25,1.6099303,1.0880075,869.5529,-0.1038583710580942,0.0815041586756706,0.1044636805958352,False,18.768387,98.967975
896482898d3ffff,5,2025,3.93,2.9257142857142857,3.04,3.24,4,14,306.33334,1.1864195,0.74470353,1148.119,-0.3115617702956568,0.0274880342185497,0.1853442854108936,False,18.74337,98.963701
896482c6dafffff,1,2025,3.93,2.9257142857142857,3.04,3.24,4,14,305.125,1.4072013,0.5421133,1004.4223,-0.2488111417223447,0.0019568686839193,0.1667951762806568,False,18.770001,98.974925
89648289253ffff,3,2025,3.93,2.9257142857142857,3.04,3.24,4,14,304.82352,1.2776438,0.0,2502.757,-0.2347230200999069,0.0879911854863166,0.2229093723980507,False,18.768377,99.032631
896482c684bffff,3,2025,3.93,2.9257142857142857,3.04,3.24,4,14,307.625,0.76645744,2.7177687,63.62564,-0.2314321453468202,0.0603964962065219,0.1608040259606964,False,18.807921,98.996009
8964828914bffff,4,2025,3.93,2.9257142857142857,3.04,3.24,4,14,300.7647,1.0277618,2.1470585,251.76549,-0.3380133723375991,0.0594766065478324,0.1918022950412554,False,18.74579,98.999986
89648289a53ffff,1,2025,3.93,2.9257142857142857,3.04,3.24,4,14,309.8,1.376182,0.72082263,1492.3003,-0.3272988520196919,0.0643831267952919,0.1623457485834276,False,18.774036,98.966437
896482c6e1bffff,2,2025,3.93,2.9257142857142857,3.04,3.24,4,14,308.93332,0.7557908,0.16054934,1615.7163,-0.2439112612018127,0.1011948734521865,0.1813979836347833,False,18.803882,99.01743
896482c6173ffff,1,2025,3.93,2.9257142857142857,3.04,3.24,4,14,307.8125,1.029603,0.11288625,2197.8315,-0.4917328081775908,0.0597189702093601,0.2068317356235837,False,18.791777,99.02996
896482c6953ffff,1,2025,3.93,2.9257142857142857,3.04,3.24,4,14,320.6875,2.0263534,0.0,1094.2968,-0.3232659234211213,0.1754932552576065,0.1929567605376712,False,18.796628,98.973218
896482c69d7ffff,1,2025,3.93,2.9257142857142857,3.04,3.24,4,14,315.53333,1.6305579,0.63906926,2022.3993,-0.3380621495946779,0.0238337814807891,0.1707587443556754,False,18.787753,98.973787
896482c69c7ffff,1,2025,3.93,2.9257142857142857,3.04,3.24,4,14,318.0625,1.3311596,0.45695812,1768.5527,-0.350597266357567,0.0377213470637798,0.1823287018185126,False,18.790173,98.97128
89648289493ffff,12,2025,3.93,2.9257142857142857,3.04,3.24,4,14,299.17648,0.75622284,0.0,3476.2644,-0.2159708261686932,0.0509331338107585,0.201085491769685,False,18.713497,99.042013
8964828b223ffff,2,2025,3.93,2.9257142857142857,3.04,3.24,4,14,298.88235,0.9395254,0.0,3543.8928,-0.3716552364774517,0.044203296303749,0.1625301276132963,False,18.707846,99.043549
8964828b2a3ffff,1,2025,3.93,2.9257142857142857,3.04,3.24,4,14,297.17648,1.2268875,0.10624588,3175.747,-0.326119117247209,0.0657578185200691,0.1526819037435605,False,18.699773,99.04759
896482c6c3bffff,1,2025,3.93,2.9257142857142857,3.04,3.24,4,14,309.3125,1.3128759,0.28221563,757.77313,-0.2458060220732132,0.0459949113428592,0.146108695670407,False,18.782102,99.001189
896482896a7ffff,2,2025,3.93,2.9257142857142857,3.04,3.24,4,14,299.9375,0.9309143,0.17892048,3004.4219,-0.3621848268018151,0.1821715682744979,0.2231280438506346,False,18.738519,99.033363
896482c694bffff,4,2025,3.93,2.9257142857142857,3.04,3.24,4,14,322.0625,2.3668287,0.97470045,480.33118,-0.4586587467492145,0.0044350107200443,0.2001562152836761,False,18.802276,98.97168
896482c680fffff,1,2025,3.93,2.9257142857142857,3.04,3.24,4,14,315.5,0.9787016,0.44420063,1240.7103,-0.2035470868578497,0.0753498375415802,0.1333658470472399,False,18.799854,98.98712
896482c61bbffff,2,2025,3.93,2.9257142857142857,3.04,3.24,4,14,306.73334,0.91171116,0.180618,2054.2463,-0.2216624115253662,0.1126860380172729,0.1734233788004997,False,18.779675,99.029558
896482c6e0bffff,2,2025,3.93,2.9257142857142857,3.04,3.24,4,14,310.4,0.93820566,0.0,1406.6141,-0.2688815647971406,0.1074399873614311,0.2143700046273438,False,18.806303,99.014923
896482c6e03ffff,3,2025,3.93,2.9257142857142857,3.04,3.24,4,14,309.1875,0.97939867,0.0,1248.4889,-0.4125213410708683,0.0241326261311769,0.1683086218833124,False,18.803076,99.013954
896482c6d77ffff,3,2025,3.93,2.9257142857142857,3.04,3.24,4,14,309.86667,1.1188315,0.8965033,2086.4312,-0.3670681131520787,0.0030613930430263,0.1773707832108888,False,18.779684,98.977831
896482c6d43ffff,3,2025,3.93,2.9257142857142857,3.04,3.24,4,14,310.875,1.0332375,0.40327838,1800.0391,-0.2554139530025026,0.0486859120428562,0.1426497618818695,False,18.782104,98.988257
896482c6183ffff,1,2025,3.93,2.9257142857142857,3.04,3.24,4,14,303.0625,0.7697854,0.30103,2322.7463,-0.5441632318772053,-0.0116097470745444,0.1664875206160289,False,18.778059,99.035539
8964828918fffff,4,2025,3.93,2.9257142857142857,3.04,3.24,4,14,298.8889,0.953884,3.081512,164.16422,-0.3281622993645187,0.1337352395057678,0.2026947564970101,False,18.729649,98.995142
8964828839bffff,1,2025,3.93,2.9257142857142857,3.04,3.24,4,14,300.05884,1.0795052,0.0,1675.2319,,,,,,
89648289d77ffff,1,2025,3.93,2.9257142857142857,3.04,3.24,4,14,313.33334,1.0346478,0.70012355,818.9551,-0.3093710295562143,0.3922211229801178,0.1348163295269972,False,18.728839,98.939946
896482c6177ffff,1,2025,3.93,2.9257142857142857,3.04,3.24,4,14,307.4375,0.69809973,0.30103,1817.2515,-0.3060802949200244,0.0458860769867897,0.1766975693705713,False,18.790971,99.026485
896482886cbffff,3,2025,3.93,2.9257142857142857,3.04,3.24,4,14,294.3125,0.799774,0.47712126,2036.6239,-0.2855220609147466,0.05160503834486,0.1698012378439516,False,18.698167,99.014786
896482c59a7ffff,1,2025,3.93,2.9257142857142857,3.04,3.24,4,14,322.94116,1.2526239,0.123953536,761.2095,,,,,,
896482d4b37ffff,2,2025,3.93,2.9257142857142857,3.04,3.24,4,14,300.26666,0.8306442,0.6250204,920.0458,-0.4314061399709756,0.0373220480978488,0.2341019689836095,False,18.749809,99.056149
89648288e7bffff,3,2025,3.93,2.9257142857142857,3.04,3.24,4,14,313.41177,1.0843431,0.15936883,2402.6973,-0.4086102042638408,0.1231300309300422,0.2593189702378625,False,18.710274,98.937611
8964828988bffff,1,2025,3.93,2.9257142857142857,3.04,3.24,4,14,310.86667,0.8499715,0.180618,842.2154,-0.3273047626023358,-0.0292825773358345,0.1823655399439945,False,18.741755,98.956751
896482c632fffff,1,2025,3.93,2.9257142857142857,3.04,3.24,4,14,308.73334,0.6925444,0.0,2569.4097,-0.3251876514806176,0.0605259053409099,0.1833068802076409,False,18.811947,99.026319
896482c6d47ffff,5,2025,3.93,2.9257142857142857,3.04,3.24,4,14,310.5625,0.6156862,0.3120357,2079.577,-0.2665504122775259,0.0429488196969032,0.1567336524073678,False,18.781297,98.984782
896482c6587ffff,2,2025,3.93,2.9257142857142857,3.04,3.24,4,14,303.94116,0.83502024,0.123953536,1202.8091,-0.4070814503819512,0.0931297689676284,0.1841404700439597,False,18.760302,99.049603
896482892cbffff,3,2025,3.93,2.9257142857142857,3.04,3.24,4,14,302.0,0.7806094,0.0,2401.8762,-0.3337657455871179,0.057951170951128,0.1900542202974464,False,18.765956,99.035136
896482c6537ffff,3,2025,3.93,2.9257142857142857,3.04,3.24,4,14,301.125,0.6552519,0.13170063,2030.2229,-0.2631237859520344,0.0753739699721336,0.1889597522897197,False,18.766761,99.038611
896482c6d73ffff,7,2025,3.93,2.9257142857142857,3.04,3.24,4,14,311.52942,1.14387,0.60541517,2190.6343,-0.2534732033703236,0.0072342394851148,0.1278348399055935,False,18.780491,98.981306
896482c6973ffff,5,2025,3.93,2.9257142857142857,3.04,3.24,4,14,325.25,1.0271277,1.0388056,995.3666,-0.3110564584080375,0.0724484398961067,0.1872503121067017,False,18.797435,98.96376
8964828824bffff,1,2025,3.93,2.9257142857142857,3.04,3.24,4,14,297.26666,0.56737846,0.0,251.63564,-0.4144760874993319,0.2514351904392242,0.1958903102008618,False,18.723192,98.993205
89648288c7bffff,1,2025,3.93,2.9257142857142857,3.04,3.24,4,14,307.73334,0.9215946,0.460206,1370.9058,,,,,,
896482c6e57ffff,7,2025,3.93,2.9257142857142857,3.04,3.24,4,14,308.82352,0.9244048,0.0,1783.7646,-0.2001437045184233,0.1357167661190033,0.2091541977807795,False,18.807109,99.018399
896482894d7ffff,4,2025,3.93,2.9257142857142857,3.04,3.24,4,14,297.375,0.65539575,0.84807044,3103.4773,-0.2360972611060909,0.1812500059604644,0.2235824781144729,False,18.719953,99.043951
896482c6da7ffff,4,2025,3.93,2.9257142857142857,3.04,3.24,4,14,304.5625,0.902669,0.52234864,682.3579,-0.1947573743510553,0.0577329732477664,0.1697592875512591,False,18.766773,98.973956
896482c6abbffff,1,2025,3.93,2.9257142857142857,3.04,3.24,4,14,308.5,0.9706068,3.7431326,120.078735,-0.3568861086893558,0.1834488660097122,0.2200192398920731,False,18.813568,98.994471
896482c63a7ffff,15,2025,3.93,2.9257142857142857,3.04,3.24,4,14,305.0625,1.5425546,0.76505655,2603.3643,-0.2595693060256139,0.0888174101710319,0.239870481614634,False,18.800652,99.029392
896482c6943ffff,1,2025,3.93,2.9257142857142857,3.04,3.24,4,14,322.5,0.9308176,0.47648704,824.21216,-0.367795919488419,0.0235251542180776,0.2099502096384698,False,18.799048,98.970711
89648289447ffff,5,2025,3.93,2.9257142857142857,3.04,3.24,4,14,298.8125,0.73706865,0.2317391,3409.416,-0.2849505822259767,0.0706885084509849,0.2141387923692466,False,18.730448,99.037405
896482c6c2bffff,3,2025,3.93,2.9257142857142857,3.04,3.24,4,14,310.29413,1.4885278,0.19478412,927.4544,-0.2052486235338523,0.106147713959217,0.1391639641879744,False,18.784523,98.998683
896482898d7ffff,1,2025,3.93,2.9257142857142857,3.04,3.24,4,14,310.0,0.94703305,0.4135051,1106.9766,-0.1726423091264416,0.0560696795582771,0.12151174655708,False,18.742563,98.960226
896482c6bcfffff,1,2025,3.93,2.9257142857142857,3.04,3.24,4,14,314.75,1.535978,0.09726891,510.25778,-0.5105066605285064,0.0552785247564315,0.171381616382767,False,18.81599,98.979031
896482c6bb7ffff,1,2025,3.93,2.9257142857142857,3.04,3.24,4,14,324.5,1.1538868,0.6458362,283.83075,-0.4068921870116983,0.0823529437184333,0.2201187387508833,False,18.803889,98.965698
896482c6d5bffff,6,2025,3.93,2.9257142857142857,3.04,3.24,4,14,310.0625,0.97462004,0.26198664,1518.068,-0.3039645489245448,0.0250133052468299,0.1395166342048434,False,18.78291,98.991732
89648288123ffff,1,2025,3.93,2.9257142857142857,3.04,3.24,4,14,303.33334,1.0061588,0.240824,2633.9985,,,,,,
8964828813bffff,1,2025,3.93,2.9257142857142857,3.04,3.24,4,14,303.5,1.110247,0.34505284,3018.1516,,,,,,
896482c6c6bffff,1,2025,3.93,2.9257142857142857,3.04,3.24,4,14,309.25,0.9831229,2.4671607,63.628624,-0.3576659220580874,0.0034034273121505,0.1558531845812384,False,18.791784,99.004096
896482c6cd7ffff,2,2025,3.93,2.9257142857142857,3.04,3.24,4,14,306.70587,0.7111555,0.19044374,718.0796,-0.420762532354544,0.0837166532874107,0.1900326034104784,False,18.776451,99.015657
896482898dbffff,1,2025,3.93,2.9257142857142857,3.04,3.24,4,14,306.375,0.9463206,0.09726891,828.3119,-0.4194547874237098,0.0348281525075435,0.1951904925555332,False,18.746598,98.964669
8964828921bffff,1,2025,3.93,2.9257142857142857,3.04,3.24,4,14,305.35294,0.8649039,0.0,1930.5537,-0.2624342736914108,0.0248053427785635,0.1348423619357254,False,18.764344,99.028187
896482c6107ffff,1,2025,3.93,2.9257142857142857,3.04,3.24,4,14,308.13333,1.1493332,0.60206,1875.9331,-0.2311607823807948,0.1067572981119155,0.2589479558537708,False,18.785323,99.028021
896482c6e9bffff,1,2025,3.93,2.9257142857142857,3.04,3.24,4,14,307.4375,1.2403227,1.015857,1616.0183,-0.2576170038878904,0.075582668185234,0.1823491662031931,False,18.795813,99.021473
89648289acbffff,2,2025,3.93,2.9257142857142857,3.04,3.24,4,14,308.0,1.1037979,1.0838162,1211.7479,-0.2869387992347428,0.0855250060558319,0.1973073102893557,False,18.771615,98.968943
896482c632bffff,1,2025,3.93,2.9257142857142857,3.04,3.24,4,14,308.86667,0.62557894,0.15904042,2864.1409,-0.3401320218186849,0.0200668890029191,0.192666514130749,False,18.812752,99.029794
896482c6aafffff,1,2025,3.93,2.9257142857142857,3.04,3.24,4,14,309.29413,0.84254,0.5133749,194.97316,-0.3128706983877509,0.038905419409275,0.1508338074164414,False,18.815182,98.988489
89648288643ffff,2,2025,3.93,2.9257142857142857,3.04,3.24,4,14,296.58823,1.077908,0.72029257,1751.531,-0.4311978409627396,0.2234848439693451,0.2019816312072634,False,18.703011,99.009775
896482c6b53ffff,1,2025,3.93,2.9257142857142857,3.04,3.24,4,14,316.625,0.9313728,0.56301665,703.83746,-0.4896749205898426,0.0555230341851711,0.1756136728176101,False,18.819217,98.98
896482c6c33ffff,1,2025,3.93,2.9257142857142857,3.04,3.24,4,14,307.375,1.3155994,0.056443125,580.73376,-0.3868192203322287,0.0311336610466241,0.1964292418418513,False,18.778875,99.00022
896482d4b07ffff,1,2025,3.93,2.9257142857142857,3.04,3.24,4,14,299.5625,0.8279733,2.4386637,174.69157,-0.3877020324563149,0.0330261141061782,0.1769168181944602,False,18.75142,99.063099
896482888d7ffff,1,2025,3.93,2.9257142857142857,3.04,3.24,4,14,311.7647,0.78471786,0.4847416,464.2217,,,,,,
896482c6c77ffff,1,2025,3.93,2.9257142857142857,3.04,3.24,4,14,310.06668,1.5663414,0.0,598.5183,-0.2564541729019036,0.0716037675738334,0.1340844063941819,False,18.785329,99.002158
896482c6c73ffff,2,2025,3.93,2.9257142857142857,3.04,3.24,4,14,308.9375,1.0466049,0.0,281.47903,-0.2428234779292006,0.0231906902045011,0.1507632805224132,False,18.786135,99.005633
896482c6c57ffff,3,2025,3.93,2.9257142857142857,3.04,3.24,4,14,308.25,0.8168506,3.6547031,120.088875,-0.344991215996084,0.0576960816979408,0.2014576735142497,False,18.78452,99.011614
896482c41b7ffff,1,2025,3.93,2.9257142857142857,3.04,3.24,4,14,310.375,1.0300065,0.3124609,161.80975,-0.4153535828346087,0.0074545522220432,0.162310218681472,False,18.832121,98.99681
89648288247ffff,1,2025,3.93,2.9257142857142857,3.04,3.24,4,14,300.375,1.0796541,2.1609967,98.27295,-0.2790166980367577,0.0359745398163795,0.146768291189842,False,18.719157,98.988761
896482c6b07ffff,1,2025,3.93,2.9257142857142857,3.04,3.24,4,14,322.1875,0.80824804,0.0,741.2097,-0.3883375681635778,-0.0008839127840474,0.1716557680490669,False,18.81357,98.968604
896482896abffff,13,2025,3.93,2.9257142857142857,3.04,3.24,4,14,300.6,0.88608766,0.05187675,2961.3584,-0.2311062488064319,0.1170358583331108,0.2264105026900619,False,18.742553,99.037807
89648289d33ffff,1,2025,3.93,2.9257142857142857,3.04,3.24,4,14,315.875,0.81590104,0.0752575,1528.3591,-0.431962372403859,-0.0370044037699699,0.1620029467931217,False,18.722381,98.93801
89648289e8fffff,1,2025,3.93,2.9257142857142857,3.04,3.24,4,14,302.875,1.0029776,0.5644925,432.1304,-0.2648743586104869,0.0851966887712478,0.1259729822447924,False,18.746598,98.9776
896482c613bffff,2,2025,3.93,2.9257142857142857,3.04,3.24,4,14,307.5,0.5190973,0.42548165,1626.0083,-0.2405955368198949,0.0647575631737709,0.1572049186725974,False,18.787744,99.025515
896482c6337ffff,1,2025,3.93,2.9257142857142857,3.04,3.24,4,14,307.06668,0.67128927,0.0,2773.05,-0.393782566314023,0.0308571420609951,0.2065182931085188,False,18.806299,99.027856
89648289d7bffff,1,2025,3.93,2.9257142857142857,3.04,3.24,4,14,310.9375,0.67373425,0.8880512,273.8562,-0.5051023316839401,-0.0054884743876755,0.1418109520477299,False,18.732876,98.944389
89648289c6fffff,1,2025,3.93,2.9257142857142857,3.04,3.24,4,14,305.52942,1.2174677,0.18743479,982.10077,-0.4528829568951842,0.0385275073349475,0.2173816857103523,False,18.740142,98.962732
89648288177ffff,1,2025,3.93,2.9257142857142857,3.04,3.24,4,14,302.70587,0.9249002,0.30103,3237.3066,,,,,,
896482892dbffff,1,2025,3.93,2.9257142857142857,3.04,3.24,4,14,301.66666,0.7939157,0.05187675,2240.1716,-0.3285462846701587,0.0426302142441272,0.203849486381201,False,18.763534,99.037642
89648289dbbffff,1,2025,3.93,2.9257142857142857,3.04,3.24,4,14,313.4,0.5592342,0.5217854,1934.5487,-0.3933720261915894,-0.000363504193956,0.1837169678131177,False,18.717539,98.943022
89648288e63ffff,1,2025,3.93,2.9257142857142857,3.04,3.24,4,14,314.26666,0.6935152,0.0,2039.6509,-0.4338261283262984,0.1273364424705505,0.2159184179260058,False,18.709465,98.934137
8964828934bffff,1,2025,3.93,2.9257142857142857,3.04,3.24,4,14,306.94116,1.0886198,4.498366,82.53503,-0.3143159532011299,0.0130895376205444,0.1519180037500346,False,18.768384,99.006769
89648289e87ffff,2,2025,3.93,2.9257142857142857,3.04,3.24,4,14,300.8889,0.79533124,1.0454144,696.6121,-0.3880508885226196,0.0509619861841201,0.1959533709220497,False,18.74337,98.976631
8964828950fffff,1,2025,3.93,2.9257142857142857,3.04,3.24,4,14,297.0,0.7791491,0.43029568,1195.1694,-0.3452859019097319,0.0520315766334533,0.2060632952749586,False,18.720769,99.00864
89648289dc7ffff,1,2025,3.93,2.9257142857142857,3.04,3.24,4,14,308.1875,0.6198935,0.57082534,1096.2676,-0.3705956521681178,0.0418067835271358,0.2156411795334825,False,18.722384,98.95094
89648289377ffff,1,2025,3.93,2.9257142857142857,3.04,3.24,4,14,306.47058,0.72596633,0.0,960.08417,-0.2598614995747322,0.0424269847571849,0.1332915807270201,False,18.762737,98.995375
896482c4c73ffff,1,2025,3.93,2.9257142857142857,3.04,3.24,4,14,314.0,1.5399874,0.30239698,873.22656,-0.433500043104404,0.1521276533603668,0.1523388120935524,False,18.84261,98.977325
8964828810bffff,1,2025,3.93,2.9257142857142857,3.04,3.24,4,14,299.6,0.80543333,0.4918785,3104.2566,,,,,,
896482c6ed3ffff,1,2025,3.93,2.9257142857142857,3.04,3.24,4,14,307.0625,1.1602387,0.8279903,2258.0076,-0.38951480902453,0.0222432557493448,0.2073648119152323,False,18.799846,99.025917
896482882dbffff,2,2025,3.93,2.9257142857142857,3.04,3.24,4,14,296.86667,0.7247304,1.8711609,255.81221,-0.4413764986051018,-0.0212234705686569,0.1514459351880868,False,18.712699,98.999753
89648288ed7ffff,1,2025,3.93,2.9257142857142857,3.04,3.24,4,14,305.58823,0.5065735,0.6726309,3052.4395,,,,,,
89648288e8bffff,1,2025,3.93,2.9257142857142857,3.04,3.24,4,14,306.9375,0.67552143,0.43685627,2664.4663,,,,,,
896482c6d2bffff,1,2025,3.93,2.9257142857142857,3.04,3.24,4,14,308.375,0.7998409,0.189589,1976.0405,-0.5131167758359244,-0.0962796732783317,0.1374847188015374,False,18.778877,98.974356
896482892d3ffff,2,2025,3.93,2.9257142857142857,3.04,3.24,4,14,302.0,1.0477188,0.3340471,2470.9636,-0.3164185163689534,0.0865944772958755,0.1905882854408492,False,18.760307,99.036673
896482c4523ffff,1,2025,3.93,2.9257142857142857,3.04,3.24,4,14,310.8125,0.86116695,0.4174811,523.9606,-0.2717428603486457,0.0881276726722717,0.209521317654367,False,18.826472,99.011281
89648289eb7ffff,1,2025,3.93,2.9257142857142857,3.04,3.24,4,14,303.26666,0.6753473,0.65242785,1367.3289,-0.3883027766441257,0.041482962667942,0.1702264300061013,False,18.741756,98.969682
89648289ab3ffff,1,2025,3.93,2.9257142857142857,3.04,3.24,4,14,309.82352,1.3002827,1.2775056,922.3743,-0.4125640908325643,-0.0131750935688614,0.1501748208894624,False,18.75951,98.955612
896482890c3ffff,1,2025,3.93,2.9257142857142857,3.04,3.24,4,14,298.82352,0.5733626,0.7781513,2408.744,-0.3436242285302657,0.0333414711058139,0.1401223473711047,False,18.740135,99.027383
896482c6d6fffff,1,2025,3.93,2.9257142857142857,3.04,3.24,4,14,311.13333,1.1446987,0.4700496,2304.1233,-0.4306354423303399,0.1025903224945068,0.1705061508993453,False,18.785332,98.976294
896482896d7ffff,1,2025,3.93,2.9257142857142857,3.04,3.24,4,14,299.46667,1.0065588,0.060206,1625.6132,-0.3373622286809626,-0.0180547460913658,0.1551198734330066,False,18.742548,99.050736
896482888d3ffff,3,2025,3.93,2.9257142857142857,3.04,3.24,4,14,310.8125,0.87680405,0.11288625,824.76715,,,,,,
89648288c6bffff,2,2025,3.93,2.9257142857142857,3.04,3.24,4,14,308.5,0.9796707,0.28221563,1138.3911,,,,,,
89648289a73ffff,1,2025,3.93,2.9257142857142857,3.04,3.24,4,14,320.75,0.64143205,0.47536764,2001.3457,-0.6497826309360163,0.1942787021398544,0.1037021019258298,False,18.774842,98.95698
89648289c6bffff,1,2025,3.93,2.9257142857142857,3.04,3.24,4,14,304.0,0.92883974,0.5207763,1216.5713,-0.3510062411814219,0.0657673478126525,0.2111640329666421,False,18.740949,98.966207
89648289c7bffff,1,2025,3.93,2.9257142857142857,3.04,3.24,4,14,302.6875,0.50572824,0.4174811,1164.583,-0.4582197638313832,0.0168321784585714,0.1634881002715446,False,18.738528,98.968713
89648289367ffff,1,2025,3.93,2.9257142857142857,3.04,3.24,4,14,305.4375,1.1626709,0.10012875,1236.9907,-0.3804708747731847,0.026469949632883,0.2044907809595248,False,18.765158,98.992869
8964828924fffff,1,2025,3.93,2.9257142857142857,3.04,3.24,4,14,302.75,1.0896482,1.20412,2030.8756,-0.2721017662922624,0.0451384969055652,0.1599108882446505,False,18.77322,99.027619
896482c65b3ffff,1,2025,3.93,2.9257142857142857,3.04,3.24,4,14,301.875,1.1855595,0.0,1574.7675,-0.4360623860468511,0.0459431149065494,0.2056191714475029,False,18.759496,99.046128
8964828964bffff,2,2025,3.93,2.9257142857142857,3.04,3.24,4,14,304.1875,1.2330503,0.056443125,1324.7362,-0.2798117869980434,0.0570530295372009,0.1653559655704085,False,18.757075,99.048633
896482c61b7ffff,3,2025,3.93,2.9257142857142857,3.04,3.24,4,14,304.375,0.8495898,0.3308501,1673.8931,-0.3188950548015672,0.0721442028880119,0.2373295560944567,False,18.775642,99.025113
89648288e8fffff,1,2025,3.93,2.9257142857142857,3.04,3.24,4,14,307.73334,0.7036055,0.20068668,2312.122,,,,,,
8964828b27bffff,1,2025,3.93,2.9257142857142857,3.04,3.24,4,14,298.77777,0.9824536,0.0,2315.3484,-0.4928802216034861,0.0748421996831893,0.1892489220346403,False,18.715915,99.052436
89648288adbffff,2,2025,3.93,2.9257142857142857,3.04,3.24,4,14,316.52942,0.76977026,0.15936883,2034.5887,-0.4729913171256155,0.0189064890146255,0.1837234300754751,False,18.718345,98.933567
89648288147ffff,1,2025,3.93,2.9257142857142857,3.04,3.24,4,14,302.3125,0.7958463,0.2331537,3013.9536,,,,,,
89648288357ffff,1,2025,3.93,2.9257142857142857,3.04,3.24,4,14,301.1875,0.7856258,0.7123713,1653.4498,-0.5093393654182781,-0.0178039632737636,0.1524752650578219,False,18.711085,98.966945
89648289dd3ffff,1,2025,3.93,2.9257142857142857,3.04,3.24,4,14,306.2,0.7188215,0.6102305,1031.1882,-0.3274751792108684,-0.0055130957625806,0.1479615073854557,False,18.72077,98.956921
89648288363ffff,1,2025,3.93,2.9257142857142857,3.04,3.24,4,14,305.13333,0.8665667,0.89856327,1442.9612,-0.4339688445920958,-0.0267076808959245,0.1439508665227097,False,18.71512,98.958459
89648288397ffff,1,2025,3.93,2.9257142857142857,3.04,3.24,4,14,298.6,0.6345356,0.3525918,2143.2266,,,,,,
8964828915bffff,2,2025,3.93,2.9257142857142857,3.04,3.24,4,14,298.52942,0.8671381,1.0,525.386,-0.3251437627604884,0.0695889219641685,0.1934944932346849,False,18.743368,99.002492
89648289db3ffff,1,2025,3.93,2.9257142857142857,3.04,3.24,4,14,315.1875,0.9821708,0.0,2286.076,-0.3450235292792858,-0.0128900948911905,0.1690385499010759,False,18.714311,98.942054
8964828831bffff,1,2025,3.93,2.9257142857142857,3.04,3.24,4,14,301.11765,0.7947259,0.48380706,1982.387,-0.5168476288275877,-0.0648187026381492,0.1430044672294586,False,18.707856,98.965977
896482883a3ffff,1,2025,3.93,2.9257142857142857,3.04,3.24,4,14,302.2353,0.56242335,0.7124025,3003.8235,,,,,,
896482d4b63ffff,1,2025,3.93,2.9257142857142857,3.04,3.24,4,14,301.7647,0.7285467,2.4187,126.20075,-0.4098660837024939,0.082767978310585,0.1797731347680692,False,18.760296,99.062532
896482c6c47ffff,1,2025,3.93,2.9257142857142857,3.04,3.24,4,14,308.0625,0.72902143,2.8344967,68.1156,-0.2707367311310802,0.0475042797625064,0.1368868195263953,False,18.786942,99.009108
896482c6c1bffff,1,2025,3.93,2.9257142857142857,3.04,3.24,4,14,308.1875,1.0388755,4.4981174,80.942986,-0.5396948961424837,-0.171724259853363,0.1518820651479781,False,18.781293,99.010645
896482c6ccfffff,1,2025,3.93,2.9257142857142857,3.04,3.24,4,14,308.125,1.042999,0.0,382.1036,-0.4015642099283168,0.006463925819844,0.1632348037379035,False,18.782099,99.014121
896482c6c13ffff,1,2025,3.93,2.9257142857142857,3.04,3.24,4,14,308.6875,1.1365982,0.9797579,161.83517,-0.4558594663225665,-0.0256410259753465,0.1507464962278064,False,18.778066,99.009676
896482896cbffff,1,2025,3.93,2.9257142857142857,3.04,3.24,4,14,301.64706,0.7625176,0.60145414,1288.955,-0.3607643447226257,0.0358030088245868,0.1825736835717059,False,18.749003,99.052675
8964828966fffff,1,2025,3.93,2.9257142857142857,3.04,3.24,4,14,300.29413,1.0395905,0.813094,2527.7532,-0.3450426297268575,0.0705520138144493,0.1509451203132464,False,18.757079,99.035704
896482d4b3bffff,1,2025,3.93,2.9257142857142857,3.04,3.24,4,14,299.52942,0.6889463,0.46039885,424.21503,-0.398382420148243,0.0424323417246341,0.1756069382579025,False,18.753842,99.060594
